id,employee_id,First_name,Last_name,Seniority_level,Position,Years_worked_continuously,Special_bonus_level
1,51ef10eb-8c3b-4129-b844-542afaba7eeb,Carmine,De Vuyst,Junior,Manager,4,3
2,171338c8-2377-4c70-bb66-9ad669319831,Gasper,Feast,Entry,Team Leader,10,5
3,807e1bc7-00db-494b-8f92-44acf141908b,Lin,Sunley,Medium,Manager,23,3
4,c9f18741-cd6c-4dee-a243-00c1f55fde3e,Leeland,Geraghty,Medium,Team Leader,7,4
5,5722a380-f869-400d-9a6a-918beb4acbe0,Wash,Van der Kruys,Junior,Developer,7,1
6,f26e94c5-1ced-467b-ac83-a94544735e27,Marjie,True,Senior,Tester,28,1
7,f4934e00-9c01-45f9-bddc-2366e6ea070e,Muriel,Dorken,Entry,Analyst,10,8
8,66da352a-100c-4209-a13e-00ec12aa167e,Harrison,Mawditt,Senior,Tester,17,10
9,ae5d435a-f447-44f3-a009-07e60d4efb48,Tanhya,Arrandale,Junior,Developer,12,2
10,a5e85782-12e0-4bd0-8a97-ba927f1eda6d,Stearn,Dachs,Senior,Team Leader,8,8
11,3272f7a3-0dc1-4961-b493-c1c348aad5a5,Alysa,Carruth,Senior,Tester,20,10
12,1f02d156-91ae-4e80-9b8f-ced831f58ba2,Vinny,Bradbrook,Medium,Team Leader,1,1
13,7c56ce8f-3f60-4978-981d-850676f7e576,Cherida,Dayes,Entry,Tester,18,1
14,7fda63ef-9b3e-4c85-88b4-bc4e43bc85ac,Natale,Statter,Junior,Team Leader,25,10
15,cb47f2e2-1bce-4a18-b442-490275ce009c,Caresse,Barhams,Entry,Team Leader,12,5
16,53edd120-8fd9-45a8-912e-e6cdb992ba4c,Valina,Celler,Junior,Team Leader,2,6
17,3cdb9135-5f25-4106-bb1b-da414f065b44,Nevins,Kix,Junior,Analyst,14,1
18,fbdb1cb5-8064-4cd8-aae7-82bf501f8f34,Danny,Hainge,Medium,Team Leader,2,4
19,f6217faf-53c6-48af-8df1-dc04b5fbe161,Stillman,Dearnaley,Entry,Manager,12,7
20,d11bc1f3-ec13-445a-9fab-9209eeb2de00,Rhodie,Sorey,Entry,Manager,12,3
21,11ac431d-71fd-4d62-b5df-907c3b402d62,Wenonah,Thorndale,Entry,Manager,21,1
22,7bd6a855-d2cb-4070-9e1f-2771f7ce223c,Shel,Ferrulli,Junior,Manager,9,7
23,20c10851-f359-4fa8-b433-0391d971ad25,Wyndham,Gemlett,Senior,Tester,6,2
24,20d152b3-29f5-468e-9890-54fbd659dc1e,Shara,Nazaret,Medium,Tester,3,9
25,7ba356fd-5d23-461c-bbd1-07afd60ea7be,Tedmund,Cregin,Senior,Developer,9,1
26,1c6dde90-e09d-4a97-8596-2a15221f2b8d,Noell,Ferminger,Medium,Analyst,2,6
27,989339c0-7522-4ebf-babf-720d2d964936,Rawley,McCreedy,Entry,Team Leader,28,5
28,53f0da52-03bd-49d2-a354-5239af4e0878,Blithe,Dadson,Junior,Analyst,22,4
29,7d447515-b472-4750-a3d7-3deedbbe797b,Dag,Tussaine,Junior,Tester,4,0
30,ec5d9fac-5cb3-460f-a7f6-4982665796e4,Nicolle,Venneur,Entry,Team Leader,23,9
31,e078372b-ee22-4f1d-b646-564c9699671c,Cris,Jeenes,Entry,Team Leader,21,2
32,4bffb2ca-364e-4fc4-b5f6-66061d227bf6,Goran,Siebert,Senior,Developer,24,6
33,2b72719c-19ec-435f-baff-aac1b89a1f9a,Olimpia,Mesias,Senior,Team Leader,3,3
34,b041c103-382c-41da-b577-d98549225d31,Danica,Tschirasche,Entry,Team Leader,12,4
35,8a031d61-88dd-4e40-81c3-5ea1b58670d8,Hunter,Lukacs,Medium,Analyst,16,9
36,801ff249-6260-416a-9bd9-5afd35c0917c,Nancey,Smidmore,Junior,Manager,17,2
37,3f622964-d371-4287-94f2-a095282f8ca6,Hewitt,Krzyzanowski,Junior,Analyst,13,4
38,cbcd47e5-255a-4fa2-bfea-a2bc6c4b84a1,Fitzgerald,Hardaker,Senior,Analyst,13,6
39,7d9f0ea2-bc34-4286-8b6a-ef754851f109,Trista,Hammer,Entry,Team Leader,15,5
40,3842962e-87ef-4c9b-98ba-41a8b604cff5,Perla,Barlthrop,Medium,Team Leader,15,2
41,7e8cbdd6-f45c-4687-a58e-7940cb1cec2b,Bambi,Illston,Medium,Manager,7,7
42,6e78c176-c80a-4186-b7db-b0f6005d6669,Olympia,Rowbury,Medium,Tester,19,6
43,173ea672-d21a-4526-aa18-1c05f5b8e64f,Artemis,Yoell,Junior,Tester,1,2
44,c54210f7-f063-4c2b-868c-37303ffa6912,Forbes,Leynagh,Medium,Team Leader,12,7
45,455679ea-a2e2-4434-aca2-414bb4779e00,Carlin,Freestone,Senior,Tester,28,9
46,c671e58c-1d8e-4d8c-ad09-74fe7de85b30,Nanete,Worledge,Senior,Tester,27,1
47,a72032da-07e8-47ba-8cd2-477a29625784,Walden,Middiff,Senior,Analyst,16,3
48,2a0cc1c1-9c69-46e9-a850-0fe33d23d257,Janeen,Kalaher,Entry,Developer,22,2
49,b7c0efdb-7016-4765-b596-cafd27054a7f,Eben,Margerison,Entry,Developer,4,7
50,a6b180da-8681-4a05-81c7-4f9222e24a2c,Alfonso,Picken,Medium,Manager,4,10
51,164e0c1f-d720-4e9a-82d3-90494ed5e762,Malva,Oxbrow,Medium,Analyst,4,4
52,90a4e0a3-170f-4b2a-a084-ba8967fd1878,Ole,Kearton,Entry,Team Leader,7,10
53,3642a800-fca1-43eb-9ab4-140d9aaccfed,Shellie,Bramich,Senior,Developer,5,5
54,a20b1380-ef63-4d57-987d-da55b918bc3e,Mahmoud,Doick,Senior,Developer,12,8
55,1d9b070d-788b-4e87-9af2-65d6bbf7864c,Rod,Flooks,Medium,Developer,30,9
56,51b3e781-08fa-4028-8b94-38c4d95956f2,Wakefield,Tournay,Medium,Developer,30,1
57,eebef58d-0fe8-441f-bd1e-65b6803e5c4d,Ceciley,Fraanchyonok,Junior,Manager,23,9
58,7e65ad47-a14c-45d6-a1d8-00a365dea5db,Christoph,Danihelka,Senior,Manager,2,1
59,e74a1033-a792-4ddd-b9f3-e782b7f98f05,Zared,Verman,Junior,Analyst,12,4
60,ecf2c09c-db6d-4612-94b3-4a0914415ff3,Joyous,Baffin,Senior,Team Leader,29,4
61,8d77c82f-aaa3-4878-a3cd-197a40fe442c,Eda,MacCumeskey,Entry,Developer,25,3
62,540b74d7-66e1-4698-8764-1462c5150c81,Alister,Thomazet,Senior,Manager,30,3
63,5195c5ef-0a95-4a5a-8d5d-69fbf3ffb38e,Dode,Popplestone,Entry,Tester,10,2
64,a89b19c3-4e1b-4408-9cfb-91f595477300,Clarey,Candlin,Senior,Manager,13,9
65,8d7cc6cf-53eb-4495-abd9-56a136b1902f,Winfred,Barti,Entry,Analyst,3,3
66,a51042a3-685d-436b-844b-b447d86ff668,Cathee,Gumly,Entry,Tester,25,1
67,3f094bf0-797f-423c-b2d9-6c1232896a1c,Allard,Vann,Junior,Team Leader,7,3
68,ff042476-c27b-4946-b00e-90177ef5037e,Lanette,Shovlar,Entry,Tester,30,9
69,ce762a42-8bbc-4437-82cf-197d769b2ca4,Kylie,Beeke,Medium,Team Leader,23,9
70,a2bdba6e-7e8b-44b0-892f-715e982de054,Kassey,Kleinzweig,Senior,Manager,21,2
71,6b2428ad-69c8-48d1-87f6-2c2f95793b95,Aldridge,Folkerts,Medium,Developer,2,0
72,102129fe-44b0-454f-8c74-0d1353fe69ff,Bartel,Rosenfield,Senior,Manager,10,4
73,4d367f89-5e79-408b-a956-8601d59af259,Tudor,McGenis,Entry,Tester,27,1
74,93e1bc33-194e-4597-8665-deb92f7a743b,Amby,Shakeshaft,Medium,Manager,21,1
75,a4f42a56-7af5-4830-9064-16371ec6da26,Leola,Disbrow,Junior,Analyst,19,4
76,7ac003a1-af6e-466b-8812-38c3959d7f3d,Rodger,Bairnsfather,Entry,Team Leader,12,0
77,0a9e6f65-0930-4783-9199-b68d42c862a9,Rois,Flippelli,Senior,Manager,19,8
78,83eed16d-81c8-481a-8a90-c191ff3b3a6d,Nelli,MacEllen,Entry,Analyst,10,2
79,6882cea5-ee04-4062-9f5e-ac321684d117,Waldon,Weddell,Junior,Team Leader,3,9
80,3564fbc8-882b-4083-a685-de7c514d8b93,Gil,Callear,Senior,Developer,22,6
81,9ebec019-e648-479c-81b9-0b73e59b1168,Elmira,Boyett,Senior,Team Leader,13,6
82,92a3ca34-6504-43de-a1cf-85b13afd0b38,Sanson,Turri,Entry,Developer,27,4
83,610c76a7-75f5-46db-9208-1d313444293a,Camey,Silliman,Junior,Tester,18,9
84,8c90ba54-0d9a-4393-a861-943f91bb2d23,Glory,Cazalet,Senior,Team Leader,12,9
85,0abed204-47d2-4a59-acdc-3bfd412ba800,Mickie,Carlyle,Entry,Developer,15,2
86,2033765e-890b-4647-b2f4-7dccbd20444b,Ches,Shrubshall,Entry,Tester,10,6
87,254cfb7c-6e45-45d7-b047-d0dde3680e2b,Si,McKeighen,Entry,Team Leader,2,2
88,36073faf-4486-42d0-b70e-0c0e824b7cb3,Nicola,Sedwick,Junior,Developer,22,8
89,0814b70e-3885-4ee5-9f11-776c9f38f8c5,Dennie,Cranston,Medium,Developer,25,5
90,f7a64ff9-5b76-4614-b8ab-50667c1b043c,Minette,Creamen,Junior,Analyst,30,8
91,0f8950d6-d0e8-4a73-ac92-598d0e87c50f,Kennie,Vogele,Medium,Tester,13,0
92,4a7b9451-ac10-454a-9f83-248bdde21362,Vonni,Urpeth,Senior,Developer,12,4
93,17033924-4cde-4d39-8fe2-879977dbafdf,Hamilton,Quirke,Entry,Developer,21,5
94,1ca7c66d-2bb9-4162-82b0-a6489f06542e,Brady,Clacey,Junior,Developer,30,1
95,8ba1f917-8ee7-457a-a296-947a527bd609,Rycca,Miettinen,Medium,Analyst,26,0
96,1f5501ae-3440-43bc-9870-cf5de9f28321,Tiphani,Sibyllina,Junior,Developer,12,3
97,0e48b118-6953-419d-8e4d-3f3e7043989c,Thebault,Lafflin,Senior,Manager,15,4
98,7fcc45e2-e3b2-4b37-9626-50267827bfc6,Andres,Silman,Senior,Manager,6,9
99,f8974ac7-fc26-4c7f-bf53-c07e56650b16,Tedmund,Copnar,Entry,Team Leader,15,6
100,dcaec183-5b50-4af3-a804-bb28d3bf7d5a,Aristotle,Dauby,Entry,Analyst,1,4
101,d6757f3a-a9b3-48a6-9838-04f580481a1b,Joyan,Mussetti,Senior,Analyst,16,1
102,3cb8c0ec-61f4-41b1-bc71-34ec7b555fac,Torrie,Austing,Entry,Team Leader,25,10
103,edea927c-2826-4c5e-af01-936da3fb3871,Amalia,Larrie,Entry,Analyst,7,4
104,5a62cd70-0a5d-46f5-bba4-6006448dfdac,Bobby,Willoughway,Entry,Developer,7,9
105,f82b4ded-ceb1-4967-815a-f1d0ee274874,Jeromy,Pepineaux,Medium,Tester,6,6
106,1a4570b4-e0d9-445a-9d51-a2ef899b4657,Benedetto,Eggar,Entry,Developer,30,10
107,67f68f49-870f-4124-ba74-504297560e6d,Chelsy,Perche,Senior,Manager,11,10
108,e6a046f6-64fd-4184-b677-ed8dcdcb42b0,Dreddy,Sparshott,Medium,Team Leader,5,2
109,c7d39a6a-44ca-4ec9-a7ce-6c36f6e4fd4f,Steward,Meijer,Senior,Developer,21,1
110,b8be23f7-4175-415a-95e6-e5bc32f1d4e2,Dehlia,Ivell,Senior,Tester,14,1
111,fa222a2c-b533-45b5-9622-9ab8e808dfda,Keslie,Kirrage,Entry,Tester,3,7
112,260187a3-0aee-4ab1-b1aa-f8fa0d985f4d,Bobinette,Hassekl,Entry,Manager,7,6
113,ac9ae76d-203c-4954-9c0b-294b51633942,Forrest,Filipchikov,Senior,Analyst,5,9
114,1611965a-8a34-42c9-9631-e167f2ed2bd5,Sibelle,Waddington,Medium,Manager,29,1
115,bfdf35ac-b25f-47f0-bffa-2e1f7d06c75c,Diahann,Pybus,Entry,Analyst,23,9
116,fa436143-5a2a-47db-a177-ccb75b7ba47d,Domini,Troucher,Medium,Manager,14,1
117,887746d0-3de1-4bac-9344-4387b7d97654,Hanni,Caso,Medium,Analyst,24,9
118,b3331abb-a779-4064-8eac-420709c6e2ae,Idette,Yuille,Senior,Team Leader,24,10
119,576b63ae-822a-4021-bf3c-77f0ead5fe23,Marris,Hallatt,Medium,Team Leader,18,10
120,5733e65f-88cb-4389-a0ff-ea65f90f33c5,Woodie,Whimp,Entry,Developer,25,7
121,0bbe88bb-11f0-4c6a-be12-f8f7e130c8d2,Serena,Reedyhough,Junior,Analyst,3,0
122,812edfad-d698-4c98-aa3b-21aaf78a8ccf,Gilemette,Applewhite,Entry,Manager,28,10
123,1cf4af73-c225-4012-b310-acbd5770998b,Gerladina,Winterton,Senior,Developer,13,5
124,5f75adbb-c6c9-405d-9282-597ec447a335,Jan,Kemston,Senior,Tester,21,1
125,fa3400ae-deef-4980-a4ac-a668e9bbe22a,Sophie,Bawdon,Junior,Analyst,23,7
126,27370b31-55d8-411d-bca1-93a7363a2f27,Denny,Brodeur,Senior,Tester,17,2
127,a82db128-7d42-4767-bb0c-f9dcbfe5d46a,Marcie,Churchard,Entry,Developer,6,5
128,6cd9856d-7b8c-452b-8645-8665f4fa43e1,Haley,Salerg,Junior,Tester,23,0
129,59ca7d64-1923-4fe8-95f6-d50a8e446abc,Aundrea,Leer,Medium,Manager,28,2
130,b83957c0-93d2-47f4-a055-48f0632ac1b1,Addie,Glassard,Senior,Developer,17,1
131,36c82fd0-9b1c-47df-b726-05ed15d6dd7f,Munmro,Fairpool,Medium,Manager,23,4
132,ac668866-5afa-4488-8072-dadb82779cde,Alonso,Erington,Medium,Developer,7,3
133,6a184790-fa7b-4ccb-9cd9-db2b0269ab8a,Alix,Hartland,Junior,Manager,7,4
134,eec760ab-9375-4961-a27c-61b552e76970,Sandor,McNair,Junior,Developer,3,1
135,34cbf413-a6fe-4323-b199-caeb1a9c5076,Pattie,Gutowska,Medium,Analyst,6,10
136,83e37246-c71f-433a-8bb6-4a114f64bb86,Matilda,Sultana,Medium,Analyst,19,9
137,ef151f1b-c00d-4b92-aac4-e8d73dcb760b,Madel,Kaesmakers,Junior,Team Leader,18,4
138,a8db23e4-2c63-415b-98a5-a0d8fc5054d0,Katherine,Pretor,Senior,Tester,16,8
139,35847ed7-7210-4630-9d79-48660d6264c2,Winnifred,Woodyatt,Senior,Tester,1,5
140,c70a6f3c-826d-493b-a0bc-2c55d95fe7a8,Jeanne,Verner,Senior,Team Leader,21,3
141,dae8f04b-eb27-473d-9a76-472088494c2b,Ruby,Heigold,Medium,Analyst,10,8
142,2994b49e-81a1-408f-ad0d-e5225b7363ae,Jonathan,Pannaman,Medium,Developer,9,4
143,445a6f86-296c-4a44-a349-06cf1107b38e,Inness,Tambling,Junior,Analyst,28,10
144,ad6f0866-1403-4f3c-8fd4-9050731df8f3,Heywood,Pardy,Senior,Manager,30,1
145,ddc3a14d-680e-4c81-8f90-7a288e288339,Merwyn,Cowsby,Junior,Team Leader,7,8
146,26fb872d-10a6-4ed3-a7b6-a71b5f3d66c9,Lin,Maryet,Senior,Tester,3,2
147,3cf4c763-4e98-440c-b3ea-6f1d27db7d23,Jory,Maving,Senior,Analyst,28,7
148,4d26256f-c943-4a9b-8477-914a0c316db6,Morty,Tailby,Entry,Developer,4,1
149,8be5c063-0547-47dc-a5d9-9088b5096867,Bernadine,Bradly,Senior,Team Leader,27,10
150,8df5aba9-2cad-45ce-b2bf-f0464b79cd8b,Thorpe,Sherratt,Junior,Manager,17,6
151,0548e696-a592-4bcb-817d-8acdda52c5f2,Gale,Macconachy,Medium,Analyst,12,10
152,998a4750-37e0-4b49-9642-2b67b040828d,Seymour,Thurbon,Entry,Manager,19,3
153,5e19bfb0-d570-4dcc-a285-9aeadba5f8d9,Valenka,Bruton,Senior,Analyst,6,4
154,9727c436-d803-4a88-92fd-1ff937694861,Ruthann,Torbard,Junior,Team Leader,21,8
155,fded0d13-bd58-476c-ab54-5e640bafd740,Alia,Kiddye,Entry,Analyst,2,1
156,65c7bf6e-cf1a-41e6-ab9b-b744b3960105,Laureen,Gronowe,Entry,Analyst,8,8
157,d7dccc62-e926-45c7-898d-3ddcf436c140,Karlene,Kelberman,Senior,Team Leader,23,0
158,6594ff9d-2bb6-415a-96d0-cc9c1d6a2287,Verne,Simm,Medium,Developer,26,9
159,1df67f53-4279-4d3b-bf9f-417ff2943071,Meggie,Marchington,Medium,Tester,9,1
160,5bd2135a-9145-4069-9cda-cbf2a009043a,Ferdinanda,Verey,Senior,Team Leader,16,7
161,f2576148-e0fa-4556-9a8f-409d892116f2,Matias,Jeanon,Senior,Manager,24,6
162,c7b6ec37-8430-4063-a886-1ee782cfe687,Thibaud,Neame,Medium,Team Leader,24,2
163,8f33be4d-b522-4c05-854e-7924b522a24a,Nikolas,Battabee,Medium,Analyst,10,10
164,2f5069a8-3857-454c-af0b-5777fde07941,Marven,Pacitti,Entry,Analyst,29,2
165,ccd559a6-4129-4f3c-9321-e98dd2f40246,Bradford,Mourbey,Medium,Developer,9,2
166,cd33c8e1-c62e-477f-9559-ba32066b4f5e,Harmonia,Lots,Junior,Team Leader,14,5
167,1d54a5a2-7ef3-47c0-9962-42aa92304d52,Devonne,Simoes,Junior,Tester,12,3
168,66268d91-7f33-421b-a2c4-f444ad8cd0b6,Nan,Cockson,Senior,Manager,12,1
169,91276b8f-38d6-4d54-9f16-1c8164b63617,Nealson,Backwell,Senior,Team Leader,2,6
170,352b4a2d-615e-4f53-be94-49931646c042,Sheila-kathryn,Gossop,Senior,Analyst,11,3
171,a9ef0b54-86ed-4df9-82f0-24d829dfd39e,Violante,Paskins,Senior,Team Leader,4,6
172,4a1beb95-49b6-4958-b46d-026361c09082,Nikos,Cogswell,Senior,Developer,3,0
173,074bbabd-1544-46f4-8da4-f48708afc3c6,Emelyne,Livsey,Entry,Manager,21,1
174,62590076-85d7-4790-a8f3-9b67bb5ba4e4,Vania,Petraitis,Medium,Developer,3,6
175,7b9af185-040f-4cdc-8753-0741482a5bc4,Hilliary,Coleborn,Junior,Analyst,13,1
176,3fe04b12-7d21-4022-853f-220714746dca,Yasmeen,Vaudin,Medium,Developer,8,10
177,140bad67-a9b2-4f0b-9f9c-41e0dc4ba990,Rik,Brason,Senior,Analyst,28,6
178,9fa21c3c-93f9-4ee5-b51f-6670d7ceb8a4,Ellswerth,Kief,Junior,Developer,17,8
179,f64a124e-3f91-48b2-afd1-5acf1b7fd350,Minda,MacDiarmond,Senior,Developer,14,3
180,99abef88-6f42-4c56-afa9-396dba4068a7,Cortney,Cumming,Senior,Developer,5,7
181,79707c3f-9207-4e6b-a0c1-6be63a09f75d,Berky,Dickings,Medium,Manager,23,1
182,1e21294b-4e9a-4132-a0b9-c29661ba79e5,Sax,Hennington,Medium,Analyst,24,7
183,f266b593-6eb6-4fe8-9b38-16159563be6c,Adolphe,Cubbinelli,Senior,Team Leader,12,0
184,be33f784-7982-4a8f-bef2-0ebe6f5d6fea,Rick,Georgeon,Senior,Developer,16,9
185,2c512e4c-2b98-4035-a647-4a0d25c1491d,Ewen,Bernuzzi,Entry,Manager,26,0
186,78d51454-f09c-4588-8f3b-4ac0415261d4,Bea,Wrench,Entry,Developer,6,3
187,066a0dc7-013b-4215-8024-226dfcf7dbc4,Lyndsay,Corbett,Medium,Analyst,23,8
188,70934c8f-c4b4-49ee-b8a0-a967ddcb378f,Tobin,Dymock,Entry,Team Leader,11,0
189,9751303b-8baf-4179-8f6a-2504e699c45d,Ilse,McAmish,Entry,Manager,14,6
190,e1f8a12d-5180-4d09-b49a-8df45c8b871b,Cristy,Bramham,Medium,Team Leader,23,10
191,61657272-e693-42c0-883f-6cf3ad734b70,Inness,Hagston,Entry,Team Leader,22,4
192,527b7a82-7fd8-477e-8c58-0c20be06c836,Ernesto,Legan,Medium,Team Leader,19,6
193,996764dd-5af1-4bb4-a8b9-8b281ce33c75,Malena,Dat,Entry,Team Leader,7,3
194,61907bea-9834-448b-8c27-9d5f4f7a4ade,Kort,Haselden,Junior,Developer,17,10
195,2f0936f1-8002-4e69-8033-fd8eebd485e5,Zabrina,Estick,Senior,Team Leader,22,0
196,08ba6d01-58ce-4144-8f8c-15828c88f4d7,Garner,Lapthorn,Senior,Tester,15,1
197,78d71076-224c-44f8-88a5-dd922c07ffaa,Barton,Crisford,Entry,Analyst,15,6
198,49e27f06-8a74-468f-8f88-d4bcde8525e5,Eldon,Kennea,Junior,Analyst,21,2
199,0c59a0a6-229e-42b7-8755-f02226c870e6,Adolph,Dykes,Junior,Tester,20,5
200,fe2ade3f-98c6-4763-b5bc-5a458a337d84,Cathlene,Fontes,Junior,Tester,16,10
201,b4df4950-7899-4fd5-9593-7070ddd68746,Amalie,Wilber,Senior,Developer,10,6
202,5d05546b-dfa6-47a9-9682-eb3c261da511,Madelena,Shipley,Senior,Manager,10,6
203,18c0bc09-4c41-4b5a-97a3-5664d8c49610,Harriot,Sindell,Entry,Analyst,25,6
204,85783d20-b313-4b4a-afb3-b0be6ddeb812,Hymie,Sanday,Senior,Developer,17,2
205,bc1c5efd-3387-483b-8a4c-3a33e0562062,Claire,Ciottoi,Medium,Analyst,23,6
206,653421d3-0381-4f8d-9d61-74d23f747b37,Gillian,Worpole,Senior,Analyst,5,10
207,5f29f004-2a1d-4de2-b6b2-854ccc0657ab,Odelinda,Learoid,Medium,Manager,6,0
208,46284155-33a5-4e2b-9b45-34ff8f8242b0,Dorey,Woodland,Senior,Tester,6,5
209,ba6ba3b8-6efc-458e-9149-b0a9a83fb846,Courtnay,Merryman,Medium,Team Leader,15,10
210,487c2e94-5b29-475d-9766-4593873fd411,Byram,Milington,Medium,Analyst,8,8
211,50f109e6-009b-421e-ada9-3e38f1813efc,Trudey,Regitz,Senior,Analyst,10,2
212,40df9bd9-cf33-4e6b-8d7d-b84a2371e1ba,Iain,Verheyden,Junior,Developer,30,3
213,a6741780-0325-43c3-a6da-b6391492cbcd,Giorgia,Avramovich,Medium,Tester,27,7
214,6a74c2dc-9dac-4a6e-9b1b-6329839c9c38,Timotheus,Cartin,Junior,Manager,16,7
215,e82bed66-59b1-4ddb-a09f-70f5fff1897b,Gui,Lande,Entry,Tester,29,6
216,1c608105-ef48-4a1e-8de5-5cf52aa1fc79,Sharia,Humphery,Entry,Developer,13,5
217,77d8b514-6e3a-4841-b6ac-42d7a95c6e81,Amargo,Trase,Entry,Tester,10,9
218,5b68fd83-bbe3-46a7-8bfa-5623e46f82d8,Dacy,Quipp,Senior,Developer,16,5
219,2806b4b0-29e9-4c57-91bb-cc4ec6d655e1,Zeke,Lipmann,Entry,Developer,30,4
220,75e7acbb-7596-48bb-8704-50b962cc0720,Nicola,Gori,Senior,Tester,1,10
221,1c25f53a-33bd-4c3f-9a8a-aa4e72468486,Herculie,Errol,Junior,Team Leader,3,0
222,d02c4ac5-ba51-41ef-a468-92f2b2e090ff,Durante,Cheson,Junior,Tester,18,5
223,a124fefd-d43b-4bd5-9c61-43812654d30d,Magdalen,Markham,Senior,Manager,17,3
224,fe1ba421-90ec-4440-a8d5-8d1f79df9c1f,Bron,Lowcock,Medium,Developer,5,10
225,3423d6ed-ec85-4a97-9bf5-432fdee5ceee,Gris,Handyside,Entry,Analyst,6,3
226,5cbbf72b-66ce-4eb8-9f6c-6a23ce87e3cd,Koren,Roiz,Senior,Developer,25,5
227,bf4c8522-7ba8-49df-b478-abf33da57c7b,Clo,Winks,Senior,Team Leader,22,6
228,6b11e017-b48f-4472-b5ac-a3ea4c046994,Martguerita,Nanuccioi,Medium,Analyst,12,6
229,dcee3b4f-fce7-4165-8b52-176d267d9b28,Timmy,Hursey,Junior,Manager,27,2
230,a0a0e38c-9273-485f-a2ff-29ee0cf0c9d0,Melisandra,Antusch,Medium,Analyst,15,6
231,4097f72a-0dbc-4359-a087-4fc384e4e3f8,Theobald,Byart,Junior,Tester,30,10
232,d0795283-25b1-4862-8729-28ac0cae0507,Therese,Ridel,Junior,Analyst,16,1
233,bfda47c2-d8f3-4c85-9c9d-b4af16e0bb67,Robinson,Barritt,Entry,Developer,21,3
234,9a176850-73ef-4c7e-8d19-24d6aea924e2,Claus,Arbuckel,Medium,Developer,15,4
235,8c5aea08-ff54-4dbf-8869-3a464eeac00d,Andreas,Cristoforetti,Entry,Team Leader,22,8
236,bba6412b-3c09-4d18-adfc-de6bb5a4c517,Bee,Casterou,Entry,Tester,11,0
237,a6fe53f5-679e-4ef7-8709-7aec9e03dd6c,Pooh,Maren,Medium,Tester,2,4
238,7f6a7643-c844-4b43-8b1e-5a62b7e2412c,Devin,Benoix,Junior,Developer,24,7
239,bd362a33-c03d-4fae-972f-3fe10a33dfc1,Tabitha,Flew,Entry,Manager,8,4
240,4002dffa-544b-4a0d-a1f7-7bfdfd4471a2,Lilla,Perrie,Senior,Team Leader,9,0
241,fc2ad9b9-14dc-4165-9f67-6388df54dbe2,Gaelan,Minihane,Medium,Team Leader,13,10
242,82e6b1d4-6386-4081-b92e-1bb4cc71f210,Evangelin,MacTrustey,Entry,Manager,10,4
243,a7c3f858-22ce-47ae-809f-dd215b58fc2b,Ludvig,Akroyd,Junior,Developer,27,6
244,536ce13a-43aa-4bd5-bca3-7a27d2375b2a,Melantha,Clapston,Junior,Manager,25,3
245,b38698f4-f2f5-4394-8b3b-ab05a5c5b26d,Zilvia,Bunch,Senior,Tester,15,5
246,40588287-2f35-4d96-a124-6a89fa7b5c54,Abraham,Vears,Medium,Analyst,9,2
247,be02d9d7-8cce-40c8-b203-51af7f699669,Sarene,Bromige,Medium,Analyst,22,6
248,dba5ab6e-df8d-475b-92bb-fc1cb1bdcd02,Eden,Hathorn,Senior,Developer,15,7
249,53ab81b8-cebc-4237-8f7b-a82b769876a3,Beatrisa,Dwire,Senior,Developer,29,5
250,9aa424f9-921f-44b5-9e00-d0888dcbf845,Ginevra,Rudgerd,Entry,Analyst,8,1
251,cbeaab34-9c79-4c36-a190-554120c55cc0,Fenelia,Simmens,Medium,Tester,29,4
252,f78bd144-2c9f-45a4-8598-326a6e3a0754,Merle,Argabrite,Senior,Developer,5,3
253,dc2230e0-fe38-424d-a730-28a8d6afa784,Juline,Foxon,Medium,Manager,20,5
254,62ee56fd-2703-46d5-8a73-a9d1d9315666,Marena,Harrismith,Senior,Manager,1,8
255,c7f9f1ce-cf16-4af0-96c3-000e35bfd8c3,Karon,Klouz,Entry,Developer,13,9
256,da4aaa16-aa8f-4c7a-a861-5f30af701691,Abbie,Roscamp,Junior,Manager,9,0
257,01cff41f-114b-45c0-b0f9-b164bc3eaa50,Corinne,Johnke,Entry,Tester,11,7
258,950a1936-3392-4d25-8c47-78dfb64b447d,Bartholomeus,Fosten,Junior,Analyst,13,10
259,b815e0d1-8551-480a-be51-c0f3f79d6680,Syd,Mayou,Medium,Tester,29,5
260,527f24f3-917a-44c5-8ed8-b536068e3dc7,Kalinda,Benge,Senior,Analyst,17,1
261,c042e9a9-dd5a-48d9-8db1-0219d1e72593,Florinda,Gaunt,Junior,Developer,27,2
262,3a245d2f-e0ce-4c0c-86d9-a577736bbb17,Tobey,Evans,Medium,Team Leader,28,9
263,6193bdfd-0919-42df-a39e-a6efdc583aca,Maia,Postance,Entry,Tester,19,1
264,7f5b83ae-c793-4b56-a600-e34330e351fc,Winnifred,Dorning,Senior,Manager,28,8
265,aaf2c637-9904-4690-bb71-06af99935379,Haze,Farrey,Entry,Team Leader,7,6
266,af70c470-e559-4749-9f07-71be76923d73,Solomon,Arghent,Senior,Developer,27,9
267,62f7b7c5-89af-4d75-9248-ce4ba1bc8136,Candie,Tierney,Junior,Developer,19,4
268,ea367803-0206-46b2-80f4-1360f3933f4d,Luis,MacKegg,Junior,Team Leader,9,9
269,a5fdf072-92d6-4e30-bbc6-87bc1843a659,Fidel,Beades,Junior,Tester,5,9
270,6460138d-40df-4703-99f7-b7e2456074ea,Estelle,Le Houx,Senior,Developer,20,3
271,ff6ed032-b170-4e4e-83b0-4d41c146cc5a,Hillary,Frensche,Senior,Team Leader,22,8
272,2832772d-fd70-4409-a7ba-e8dd6ba9f806,Emelda,Fisby,Junior,Team Leader,20,9
273,97691722-bd28-47aa-b306-c5afaeb0d806,Cherry,Shere,Senior,Developer,11,8
274,6f75cda9-743d-4f72-af03-94d38472e809,Alvinia,Barrabeale,Junior,Developer,16,5
275,9df75201-f660-4da3-a169-98c04998e01e,Michel,Titterrell,Entry,Analyst,20,10
276,9665cd90-1c39-4c8f-a65f-00f95b7f6621,Rachelle,Britzius,Medium,Tester,5,9
277,2cd56671-6624-44df-b873-126d216e37f7,Windham,Huniwall,Junior,Developer,4,2
278,272ad0b0-4480-4dfe-bc9a-3de4c02303ac,Cesare,Veschi,Entry,Developer,8,2
279,17734ace-6b39-44d8-beab-41478619bf94,Correna,Reuble,Medium,Team Leader,22,10
280,e249db0c-7547-41bd-a10d-dc40ec381ccf,Abba,Begwell,Junior,Manager,30,8
281,f2578fb6-8e13-4c69-9c0a-43eb49c65889,Nisse,Fruen,Medium,Manager,2,3
282,cc56786e-5168-447a-aff9-98861c368ee5,Ynez,Hook,Senior,Developer,15,3
283,d7d7bec5-b5d5-4a8b-9027-1c41e4080ded,Neron,Cronshaw,Senior,Manager,28,10
284,006e5cc0-6369-425b-bd3b-be5e63105256,Valentino,Janicki,Junior,Manager,9,2
285,e8f468ea-acf6-4be5-a86c-adc147fdaca0,Zared,Van den Velde,Senior,Team Leader,6,0
286,dbcf141a-972f-465f-b13b-6dfd7aef6f62,Gretel,Smoughton,Junior,Developer,25,5
287,eeb887b1-030e-4172-aecb-50129f16bd8d,Myrle,Huyhton,Junior,Developer,6,3
288,91ab1461-ea63-4e26-86de-a16fabc69746,Sibilla,Janko,Medium,Developer,24,9
289,43bd20f7-6bc1-408d-9b96-b51977ad3324,Kylie,Ferrero,Medium,Developer,30,10
290,f8aacc58-4542-48c0-a957-12798c785319,Hildagard,Kavanagh,Senior,Team Leader,5,10
291,88b2d387-85ad-4c7b-a6a4-20a66b9d7152,Pedro,Rubinivitz,Senior,Tester,28,0
292,f03c79f1-778f-4255-8149-9a7faaf9121b,Junia,Fortesquieu,Medium,Developer,18,3
293,4adc3f0f-ff66-406a-9014-315532020d76,Koenraad,Spada,Entry,Manager,5,7
294,a5d53039-23ba-4af7-a774-29d187f564ed,Chrysa,Gunningham,Entry,Tester,24,4
295,96fb1c89-b421-4cbd-bddc-142af203dc90,Carrissa,Riba,Senior,Tester,30,7
296,42b806c1-2fd4-4a0b-a1cd-bb64b25a666a,Lishe,McRae,Medium,Tester,2,3
297,ea5c8635-6a2c-4246-9413-3e63d0246e78,Marquita,Cawthry,Medium,Analyst,12,7
298,1d0aaa64-f399-4577-a20a-309d956be47c,Stephine,Neising,Junior,Analyst,13,9
299,a53b8d44-4a22-4790-9356-5bae158a2ca7,Ramsay,Hansod,Entry,Manager,18,4
300,fa7ea4d3-a073-426b-aff8-a942b47ac31c,Juditha,O'Luby,Junior,Team Leader,26,9
301,fe9f3827-a93d-4561-8eb8-5933990dae2f,Adelle,Driuzzi,Junior,Team Leader,10,4
302,03fca2cb-71a6-4315-8e3d-9e4ea21c16bf,Nathalie,Daffern,Medium,Manager,11,6
303,e6319f7b-c1b7-4985-9a14-0ad4a9ce1aed,Nikkie,Bradman,Senior,Tester,30,0
304,538c611f-56d0-4b6d-9272-e6878f7c57db,Zaria,Coudray,Senior,Developer,11,1
305,060d4758-f149-4685-81d1-81e21f552e2b,Angele,Scardifield,Medium,Developer,7,9
306,68e9845e-c725-45b8-9640-ead4b42e9053,Leonie,Aleveque,Junior,Manager,2,7
307,41dfa6f9-0ceb-4535-8919-0170ae49c14b,Oralia,Lintill,Junior,Tester,3,3
308,700d3847-f603-47cc-b9a8-e8b3422a7d1d,Isa,Howlin,Junior,Tester,24,2
309,748b1da3-400c-413c-9b5e-d1c552ade7f5,Roselle,Coplestone,Junior,Developer,22,1
310,d3bfd418-cd4c-4d2e-86fc-65e540990d40,Annabela,Moreinis,Medium,Team Leader,24,8
311,08100d52-3e46-4730-8d11-4cbc75bd859e,Swen,Lishman,Entry,Tester,8,3
312,372dd04a-6394-4487-8ffa-d406865bbd0e,Bree,Sorbie,Junior,Team Leader,26,10
313,c928e1de-54cd-4abb-9774-269ebdbacded,Cherilynn,Kmiec,Junior,Team Leader,28,4
314,362d357a-d64e-447d-abed-3c114c54fb6b,Byrom,McArte,Senior,Manager,5,10
315,49ecf9d2-84a7-4fbb-bb8f-d28ce66699d5,Robyn,Anstice,Senior,Tester,19,2
316,6fad624c-58a6-4638-b4e6-43f609dcd8a7,Hobie,Portam,Entry,Team Leader,6,4
317,5574e8fd-2b52-4b8e-8279-62c5ebfec817,Ricki,Aynold,Medium,Manager,8,6
318,f43dde35-20aa-4873-9cdf-bf3d2c1aa809,Morgan,Blagburn,Senior,Team Leader,12,2
319,874d563e-8bfe-4b7c-9c46-9ab44d7b505a,Montague,Sharrard,Medium,Tester,13,6
320,8d9b39c4-d469-4c75-bb14-09d8c33d7022,Weylin,Joyson,Junior,Tester,7,5
321,b50061bd-4e8f-4472-93b3-38402471cc6a,Elisha,Gorgl,Entry,Tester,28,1
322,b0e50ec3-347a-436e-a14f-a2a1340e8477,Antonius,Vernay,Medium,Manager,9,4
323,db26b960-fb46-4cbe-969b-75e6782c7168,Cyndy,Siuda,Senior,Tester,2,0
324,5dfa4b32-4732-4a9d-bdfc-ac693d9c2a17,Willdon,Hoodspeth,Medium,Team Leader,10,0
325,3242e596-4521-44d9-8930-886d0a8df4e1,Tabor,Clell,Entry,Team Leader,20,3
326,bfe0b5e5-f240-4757-ac55-4ad0ce54c83e,Rhonda,Tummasutti,Junior,Tester,13,4
327,ea3c4e0d-bd52-427e-8470-f1c602596af4,Gusella,Grayshan,Entry,Tester,24,6
328,7179c645-82a4-4ae3-8eb9-782a91d6f595,Manny,Clampe,Medium,Manager,29,6
329,36caad9b-0d20-4d31-becc-cfcce04fb1d6,Terry,Rumens,Junior,Tester,29,4
330,4cd7f15f-b115-4acf-bf5b-f340a8fd2bfe,Leighton,McKimmie,Senior,Manager,23,6
331,cc58bcfb-c3d9-4168-a5d9-affd4fe23287,Kitti,Lagne,Entry,Tester,20,10
332,82c866ca-32ef-4fa1-923f-6dbb55d54764,Serene,Sandford,Junior,Tester,20,10
333,a62d97e5-48b7-402a-828e-f1558659011f,Carce,Eliez,Senior,Analyst,26,3
334,9491bc55-89d3-4cb8-b95a-d97af1d43bd0,Melisandra,Wellings,Senior,Team Leader,29,2
335,52582ce3-48e0-4867-b4e5-e84a25f0b065,Elisha,Frascone,Junior,Analyst,13,5
336,40de25dd-49a5-48ed-b522-c0e4a83aa37a,Katharine,Littlefair,Senior,Team Leader,8,0
337,cc772115-8e20-44e4-85f9-f7b2fbc92612,Wolfie,Hebron,Senior,Developer,16,7
338,e3a43361-071e-4cf3-a274-6b45a893db5b,Jeffie,Fearnley,Junior,Manager,17,6
339,fdcef033-67e7-4202-ab2b-b88a31facf9b,Kerr,Ratledge,Entry,Developer,29,5
340,4feeb4d1-8a1e-4ef0-b7fb-984ea45aec07,Enrique,Anstey,Entry,Tester,22,8
341,bedd5149-2dbb-4f6d-ae5a-d4da4d9da0dd,Rheta,Boscher,Senior,Manager,25,1
342,49f3b4e0-6079-4d4b-a5d0-748758b4feb3,Chelsea,Pipe,Junior,Manager,15,0
343,1a188510-de24-4c02-8b6e-5c49a450068e,Shayna,Mozzetti,Entry,Manager,27,6
344,defb5277-b505-4be4-88af-7033de24def3,Shaw,Hamil,Medium,Developer,25,1
345,4070db4d-9e73-46ca-a95a-ff49e18eff14,Omar,Jeannequin,Medium,Tester,25,3
346,9945e6ca-cf83-475f-bcaf-f36d6243a2ab,Brigham,Oman,Junior,Analyst,5,6
347,24ca9167-f876-4b62-92af-d7e45f1f8d0c,Delphine,Micheau,Medium,Team Leader,16,5
348,b12338c2-1d25-4c22-872b-335453b0eef3,Gallagher,Mallion,Junior,Developer,19,0
349,0e73b447-4a55-4221-a4d5-eff7603983bd,Margaretha,Calles,Junior,Team Leader,14,5
350,48851d20-e6ab-42b4-b4dc-77498cb82957,Brenna,Hoofe,Entry,Manager,14,9
351,c5c72275-10f6-41a8-aeaa-9268f1d0e3a1,Valle,Attridge,Junior,Developer,5,3
352,b5226672-d241-445d-9182-3d4f35d1d8f5,Barnabas,Fidal,Entry,Tester,12,3
353,3b6634ff-f6fe-4363-bc53-0268a943e830,Orville,Pedreschi,Entry,Developer,6,5
354,00c9d124-09d9-42cf-a118-b190940742a8,Eudora,Picknett,Medium,Analyst,24,1
355,97051f38-d782-4c77-995e-2600319738ee,Blaine,Farmery,Senior,Analyst,21,8
356,56a9c8b0-5eb3-4612-8e92-13d18170ef4f,Manfred,State,Senior,Team Leader,12,3
357,d2542b07-3442-4cec-974f-c2b9d9d21f42,Meridith,Hockell,Medium,Manager,24,1
358,e70d0f79-4841-4a01-bd12-b53ad657a155,Aleda,Inseal,Senior,Analyst,11,1
359,a85fedb2-a9f5-4e5a-96d1-63e8b9ff558d,Katharina,Rumsby,Junior,Developer,16,9
360,5a8e16e2-6aff-407b-9540-2ff3ad209860,Derrek,Gunter,Entry,Developer,25,9
361,97248a4d-f036-461f-a21a-6a89c44cf559,Ky,Mocquer,Senior,Manager,13,3
362,0e31d5be-407c-42c8-a12f-28682c14d5d4,Faina,Lardge,Junior,Analyst,6,1
363,0d7e2727-fab0-4b22-9bba-f33b73a29c28,Norah,Lovering,Entry,Developer,9,6
364,9624548c-94a7-41e0-b82c-fcf56325feec,Edythe,Poat,Medium,Analyst,5,1
365,6a6b4517-2746-4d4e-b875-64ede75ff272,Nicolina,Barcke,Junior,Manager,24,5
366,fc0b732e-9fc9-4594-9590-0c7d78d50012,Pamelina,Geggus,Medium,Developer,13,9
367,3dba321f-3618-4091-817a-a2518fc7f194,Evered,Swainston,Medium,Team Leader,29,10
368,41fc62a7-a7dc-4d9e-b3d6-9e72e8c785f9,Flory,Rice,Senior,Analyst,6,2
369,1e6cb995-ccec-496e-8230-15791d91bff4,Parker,Mitchard,Junior,Team Leader,22,10
370,ee3332ef-375f-4250-bee8-20d1d53d9e18,Brooke,Whye,Medium,Developer,5,5
371,e8bae290-2338-429a-be7a-ba9661cca284,Kissiah,Skechley,Entry,Team Leader,10,4
372,bb78d572-9c4e-4a1b-bb1e-0abd619468b5,Elmo,Phillcock,Medium,Team Leader,1,1
373,7935c2b9-0898-44b4-8835-1405b3d88103,Conny,Doonican,Entry,Manager,18,1
374,e1dc5cca-8638-4e0e-9380-7817971c8893,Anastasie,Caldicot,Medium,Analyst,1,5
375,cc46da64-a89e-4afd-aed1-79aae7d04756,Jereme,MacNeilley,Medium,Team Leader,1,10
376,57eb70a0-0320-4410-849e-924fbda22446,Kelsi,Jankiewicz,Entry,Tester,27,6
377,4f5263a9-2dc5-4d06-8a40-f09944e9367b,Nevins,Chalk,Medium,Team Leader,7,2
378,e5e24547-c0d7-43ac-8ae0-3b5f59ec7523,Adriane,Belk,Entry,Tester,21,10
379,18f3b34f-fcdd-4734-a689-158f65633dc0,Bucky,Fulep,Entry,Tester,26,9
380,dff4b8a6-6650-42b4-ad35-e320b474c883,Welby,Dukes,Junior,Manager,25,9
381,6a5640fe-76af-4b73-9cd3-53e54799e2eb,D'arcy,Chamberlen,Senior,Tester,15,8
382,74fd94af-cb4d-4068-a453-73690804e3e0,Stella,Stonnell,Entry,Analyst,20,1
383,a5bcedf3-fc11-40c7-8a26-8ebbab9c0e76,Martha,Archbold,Medium,Analyst,23,1
384,47adae1c-2be3-4221-ba48-ed6b73792a69,Ingaberg,Rumin,Senior,Analyst,22,10
385,677c0774-e0f4-418a-bb2b-648b83a9a624,Alvin,Castledine,Entry,Team Leader,20,6
386,669da1c2-5d4a-468f-9d0e-4def5fd45721,Tomkin,Jeaves,Senior,Tester,2,7
387,2eca7115-b19c-4aec-acef-07b764cd8c2f,Daniella,Grace,Senior,Analyst,6,2
388,49f5b656-bed2-4843-9d80-cf14f6d777a5,Jerrold,Bradie,Medium,Team Leader,9,3
389,ec174ade-0ce4-4008-9109-d525d451dd21,Rowe,Crennell,Entry,Manager,5,0
390,b68fbdfe-6adc-47a2-a6c4-9d93623e5f21,Giulietta,Garahan,Senior,Tester,29,1
391,aaa73cad-221c-41a5-895b-58710bf55dc1,Cobby,MacCourt,Medium,Manager,12,9
392,7743dee0-b2a3-4c40-8e33-d3ffccb81637,Jenna,De L'Isle,Entry,Team Leader,6,7
393,407177e0-fa21-4b8c-a915-18e0d036c795,Benedict,Patley,Medium,Team Leader,10,8
394,58409bd4-f3e4-41ef-b335-fe20d5cf0766,Liva,Hardbattle,Junior,Analyst,13,8
395,5a0d742e-bbfc-4c29-841e-1d8a4f69f107,Shaylynn,Terron,Entry,Team Leader,13,9
396,51799698-c571-4748-92d5-5574a9c81d98,Pattie,Ferenc,Entry,Manager,24,3
397,a96f121a-04a4-42aa-b568-ba26ef552bcb,Radcliffe,Foxen,Senior,Manager,12,2
398,21c07099-f1a8-48b4-b01c-23a494130d6e,Aron,Masding,Medium,Analyst,22,8
399,8d493db3-0307-4a45-985c-9443c2f833a3,Gweneth,Gaskal,Junior,Analyst,17,1
400,5b81d342-37c7-47ef-90a9-c74b648c81f7,Ana,Riddel,Junior,Manager,26,0
401,6eb08613-1a65-4c70-bfd1-38364d2d5cad,Jaquith,Trusdale,Senior,Team Leader,26,4
402,78c88c78-15a3-4d9e-a4b2-b55aa01e3aa7,Ardisj,Jessep,Entry,Manager,16,6
403,e702ba6b-7fcf-4860-8fc5-dc1154db3808,Lowe,Dunlop,Medium,Manager,24,3
404,88ab7ae8-1205-471c-8899-279cf9523e9f,Clyde,Styche,Senior,Tester,11,8
405,aee813fa-be62-449f-8d0d-ddd943105f97,Ines,Cregin,Senior,Developer,25,5
406,2f6cf3c6-3c28-4d64-bd7f-84efc4d4aa2e,Cam,Linebarger,Medium,Manager,11,9
407,47f5b8df-6e5f-4758-868e-75d2f25475e6,Lorenzo,Turk,Senior,Developer,15,3
408,90dedf3a-18f7-4364-a705-db84e085afde,Pincas,Mackneis,Senior,Developer,4,5
409,b3b72a90-8d34-4207-a60c-3a9eb4cdf7f6,Natalee,M'Quharg,Medium,Developer,15,3
410,4f0bfdd2-359e-4735-9ba9-ed038de775d5,Jethro,Lashmar,Medium,Team Leader,21,9
411,e3bc43a7-411e-403f-9650-d7d5e9eaf9d3,Georgy,Jeram,Senior,Analyst,10,1
412,50a55886-6720-41b3-bfb8-aebc0aa53d8b,Ray,Rice,Junior,Developer,14,5
413,808d8e94-43c1-49f4-976d-54bbe86210d1,Yelena,Kynge,Senior,Developer,15,5
414,1fe974c0-a6ed-44b6-aab0-af4bb80f41d4,Valdemar,Barabisch,Senior,Developer,1,2
415,df43fca2-5948-4ed5-9527-7fa96b56fc81,Carole,Mathivet,Medium,Tester,16,8
416,15854c56-b1d5-491f-9835-c84384404b88,Camel,Larrett,Junior,Analyst,1,0
417,9b568bd9-812e-4496-b900-e4f2713e9457,Calla,Margetson,Entry,Developer,20,3
418,b0045af0-4a76-4dcb-8889-df2712b0b77e,Isidoro,Redd,Senior,Manager,22,1
419,dd7c1c81-e5bd-4f20-acfb-bfd9eaccd234,Rowena,Ryves,Medium,Team Leader,10,8
420,2c9f6353-7116-4ba4-a022-1ff9576c352e,Koo,Fer,Senior,Analyst,6,9
421,abf940d2-e7c8-441c-ae25-77ce0e9529a8,Annadiane,Crackett,Medium,Manager,11,2
422,1f49c86c-6c6d-4086-bc0b-0fc58942488c,Grady,Lacey,Entry,Tester,8,5
423,6d97a8f0-f9bc-48f1-bfe8-b94e5b28299f,Killie,Scapelhorn,Senior,Manager,20,6
424,c9e59696-419e-4ecc-ac0d-dcdef7b5849c,Licha,Titmuss,Medium,Team Leader,16,3
425,cf1c133c-b795-4e7d-a117-3905cb9c3267,Judd,Wiffield,Senior,Manager,8,5
426,cfa2d4f1-a72b-4619-ab3d-8cabe48af0fc,Justinn,Scopyn,Junior,Manager,16,8
427,e9431f46-c2cf-46d6-be6d-82fb1e1be70a,Fleurette,Grigoire,Medium,Tester,1,10
428,fad46110-5daf-42b9-8e0a-595a4c7db97b,Sly,Hadden,Senior,Manager,13,10
429,9706dea9-582e-4a36-8dfe-4d5b1cb4bc28,Hilario,Orred,Junior,Manager,10,2
430,f300e3f0-ca3f-47b4-9989-2d5b209abf3e,Alberta,Blench,Medium,Tester,9,4
431,206ec7d1-1b1d-4461-870a-3a8c8755ae93,Karl,Searjeant,Entry,Tester,21,3
432,6de950c0-2f38-47bc-a1b3-8561d34ea95b,Odell,Batrim,Medium,Analyst,11,5
433,87497060-a637-464f-8342-b7c7b6c4288c,Damon,Winterson,Junior,Analyst,7,5
434,e44d5530-6b1b-446a-92fa-15d373380ec2,Cordy,Keam,Senior,Team Leader,3,5
435,73fdacb3-2473-43ca-8fd5-6c3a38959398,Far,Lutas,Entry,Analyst,12,6
436,38ffaf78-975a-45ec-8038-da3de05272ef,Roger,Ellsom,Senior,Team Leader,3,1
437,bc26d0b1-3603-4ab8-8c1c-5c72c4d07994,Lola,Shimwall,Entry,Manager,24,4
438,52ed0d3c-0cc7-449e-bc20-cb5449d49f71,Charmine,Greenless,Senior,Team Leader,4,6
439,bb14bb40-b68c-41c6-931c-bca8c7e035c9,Bernardina,Creeghan,Entry,Developer,4,3
440,411ebccc-c647-4698-b3d7-26647ec0a77f,Oliviero,Heephy,Entry,Analyst,12,8
441,b1f9bd82-0655-434f-95a3-11e7000d175c,Krisha,Faltin,Junior,Team Leader,16,7
442,b36f2c5a-c6e2-4d4a-bc7b-d683168886d4,Millicent,Simonel,Senior,Team Leader,11,2
443,f37d8972-7e2c-49bb-b80d-f049885b991c,Carver,Gailor,Senior,Developer,12,1
444,ae78bbe9-5d4c-4ca7-8f7c-b30f959a0ea0,Barron,Hexham,Junior,Tester,8,2
445,36230e1b-0907-4c54-9164-8845a0e00a5d,Tonie,Duchenne,Junior,Team Leader,21,1
446,1b400a18-542c-4019-bfac-e35611a3c160,Gabriel,Ponting,Entry,Tester,8,9
447,7532cd26-f507-4f10-ae65-4b44cd45c23c,Stace,Offa,Junior,Tester,28,2
448,9122bcae-310d-4795-9b71-1095ce42191f,Nola,Abdee,Medium,Team Leader,22,6
449,c0ba1ce2-6a28-4bcf-b82c-0977ea468bd4,Had,Pezey,Medium,Team Leader,13,2
450,1cfbbc75-4246-4b8c-86c8-6f834afba792,Casey,Conochie,Entry,Developer,3,3
451,8c226b6e-3eed-43bf-b10a-36a95cd3d71d,Mag,Shepard,Medium,Manager,29,6
452,e9d5a6e6-e26d-4acb-af85-cc506c5648d2,Hermie,Blose,Medium,Analyst,18,10
453,af226d39-dd70-49ed-bd42-80c27d7ddee2,Georgette,Wallbrook,Medium,Team Leader,19,9
454,0c064ea9-31d5-4524-9de5-ee851c887ef0,Benny,Hearson,Entry,Analyst,19,7
455,4d6a168a-4446-48f0-b0a2-a31832ded283,Jarvis,Santry,Senior,Tester,15,8
456,7783875c-0ef6-4dfd-9cdc-8a6ef2a1bb65,Valerie,Forcade,Senior,Tester,8,9
457,908099f0-f0d1-4b49-8fa3-708915d18095,Nathalie,Bonsall,Junior,Tester,11,3
458,a8862254-5f3a-45fd-bd10-82f87e8ea994,Lenna,Kencott,Medium,Team Leader,6,9
459,e231bb3e-c45d-4f18-99cc-51e17884ce25,Chance,Feathersby,Entry,Manager,20,1
460,c72e1700-579a-4fc0-9f21-f2b73684b517,Micki,Grono,Entry,Tester,26,1
461,b17a2013-a473-43fb-8c41-830317a97c2f,Ted,Pawel,Junior,Manager,6,3
462,a1b1ab55-93ee-4d79-acdb-dfe2f7e2414d,Gregoor,Muckle,Entry,Manager,1,6
463,7ea0bd22-3353-497e-ab2b-8a56cc9ec061,Fawne,Honatsch,Entry,Developer,13,9
464,95f01b33-91dd-472d-85b3-ec52ec814ed2,Rey,Gyer,Medium,Tester,21,8
465,4484db40-17f9-4d83-b8d0-1bce0fae64e8,Antin,Cootes,Medium,Developer,24,9
466,158aa4fe-d45d-408f-877a-57020e0d636c,Marquita,Scrowson,Medium,Tester,20,2
467,1bd9d1a0-56c5-4730-8546-7aec7cdd78b8,Emmery,Holbarrow,Entry,Manager,27,4
468,5260f905-0fe4-4fe0-a1e7-4524a8d2aec1,Adelice,Weatherburn,Entry,Team Leader,15,7
469,7fc5c087-66ad-4849-aa2d-a6487d8ee41a,Waneta,Tzarkov,Senior,Tester,22,7
470,e1bd77ce-586d-49c3-933f-493d20fcbb53,Retha,Roselli,Medium,Manager,3,0
471,77434a8a-cf0a-499a-9a08-07686d412d86,Rafaello,Braxay,Medium,Team Leader,9,4
472,c516fcb6-4ac9-46ba-9677-8e64af990d90,Zolly,Sanbrooke,Senior,Team Leader,12,5
473,301f8742-21b0-45aa-bd32-da04d2b64a02,Henrie,Fairney,Senior,Manager,8,5
474,a60555b7-d182-4d41-9658-6f00107addea,Oona,La Vigne,Medium,Developer,29,10
475,5d6dd0ce-07a3-49df-9cea-c8ed155f40a4,Dunn,Scrafton,Entry,Developer,16,6
476,822f664e-f571-49a5-b6b8-73b9e1bb3c7d,Elwira,Bettley,Junior,Tester,20,7
477,9067b33e-81ca-4b72-ad6a-e8de253a643c,Arabele,Redmain,Junior,Team Leader,19,2
478,4b2b08b3-75b4-4eb9-93a2-1c11f745f3e0,Dominik,Offill,Medium,Tester,11,1
479,d01724dc-a238-47cf-a19d-d7dde5b72130,Lauralee,Kochlin,Entry,Manager,5,8
480,f42b5e0a-6425-4cba-8c7f-0e7c3fe81bb3,Kelcy,Lilloe,Entry,Team Leader,11,3
481,9b36451d-bdf7-42d5-8abc-8467c7bcd6e6,Reinaldos,Newell,Entry,Team Leader,8,1
482,d29c0f21-4629-4678-81ca-3f6fa15a373d,Susanne,Skelly,Medium,Tester,3,4
483,314d91e4-c245-4d0d-8326-27df1e0bb6e8,Aidan,Osmar,Entry,Tester,12,3
484,a31c6f04-a4b6-4290-8ca8-b75284a75f5c,Michell,Paradin,Entry,Analyst,23,1
485,35b463a1-4de9-4562-bc4b-39fa29686cd5,Wandis,Vibert,Junior,Team Leader,16,6
486,792e640a-2d47-428f-9888-3177712e2930,Chelsea,Sendley,Entry,Developer,1,10
487,979ea12d-8488-4ad0-ae5e-a51d9a9c006e,Emmeline,Poulsom,Entry,Analyst,23,0
488,9c0c2f84-26a8-4cc1-8893-f063a2d9044c,Elvin,Angrick,Medium,Team Leader,15,6
489,683c7468-cf61-4bb9-99e0-f807e2312c9b,Shelby,Letrange,Junior,Tester,4,3
490,64ab7f52-7478-4227-bc83-c58aa0f7417f,Coralie,MacGettigen,Senior,Tester,21,4
491,b8b47891-8dae-441e-87e1-93015908dcf4,Suki,Catcherside,Entry,Team Leader,20,5
492,e1032baa-89d4-4f20-a07f-230d31e94d5c,Filberte,Andriessen,Junior,Analyst,23,4
493,2065dcdd-d6c4-4321-8bd3-a187ea9fe199,Wendy,Erridge,Medium,Developer,19,1
494,2feee80b-e3a2-469a-874a-add7a1076f6f,Lyn,Breckwell,Entry,Analyst,12,2
495,c5a44410-e090-41c9-b27d-0ee92f6124fb,Evelyn,Eggleson,Entry,Analyst,23,7
496,ccbb1e93-4efa-4aa6-913d-d3d4348c20cf,Mae,Colqueran,Senior,Developer,26,6
497,09664c9a-b46f-4028-b3a0-016734951f84,Phaedra,Sparham,Entry,Team Leader,29,7
498,dfb4b33c-4d29-4e09-88ee-12d49ad986d1,Micah,Chimes,Medium,Developer,18,7
499,3a856fe8-ea2b-4293-94c0-1c2eec01239a,Sharleen,Dunderdale,Entry,Manager,16,2
500,89d2071d-1cc3-4a2d-9d4f-33476c2fc913,Shellie,Devonish,Senior,Analyst,14,9
501,8e8fd0eb-7f2d-4bec-b368-c8cab1cf953f,Reginauld,Decort,Entry,Tester,9,4
502,b474864e-c061-4e10-b407-83a05505a4de,Leigh,Aveline,Entry,Developer,14,7
503,6cdef88c-1e61-4355-89d9-aabebbd284a4,Imojean,Sylvester,Junior,Team Leader,20,4
504,46deedff-f998-4cb0-99f9-0e39a6e9f2d6,Barrett,Smaling,Medium,Manager,27,9
505,1f7c6e6b-6af1-4503-bc2d-a4a4baf0539c,Doralyn,Boow,Medium,Developer,17,2
506,47d7847e-3f2a-4585-ab84-44f26bce9530,Ivette,Peplow,Junior,Manager,7,1
507,37a6bc24-2dea-4429-8836-88b7faab1fe8,Cobbie,Simic,Senior,Team Leader,13,10
508,71c502a1-8aa4-4fda-9946-a71b2b25e328,Joete,Crayke,Entry,Developer,25,7
509,1761e3ee-a88c-48b4-b892-6c21e008977b,Zacherie,Olivazzi,Entry,Manager,17,7
510,7a12b25f-a893-469d-8742-e68cf4ba2644,Martyn,Keasley,Junior,Tester,13,8
511,53bbd2d5-57c5-4f46-8574-f9da3bead30c,Dorene,Prevost,Senior,Analyst,27,5
512,7029c28b-2bef-4dec-a5f9-e25b208e3242,Xylina,Endrighi,Entry,Tester,16,2
513,bd16a7ac-ff0d-4b60-b7c4-d03c1e342a79,Janene,Frontczak,Medium,Analyst,28,1
514,982a886b-7cb2-4db2-ad72-bf0b1b10e348,Nerte,Silber,Entry,Team Leader,15,4
515,1dcbf2a9-cde8-42ef-aa4d-2fb9414600f6,Hashim,Barbery,Senior,Team Leader,2,9
516,5b8b4806-c3f6-42bb-8e12-914d9895eae5,Roth,McSporon,Entry,Manager,16,7
517,aa76b65d-638e-408e-9712-30e4b67448d7,Darline,Lubbock,Medium,Manager,26,8
518,6280d6d7-2d52-4459-a4a5-ff6b0f265bed,Armand,Scrigmour,Senior,Analyst,21,10
519,60ace2f3-589c-41ad-9d97-ce5cc649a13b,Marika,Bucknell,Senior,Team Leader,2,6
520,20f6aa69-0b21-472f-8c76-8e5c60da1f29,Conan,O'Cannovane,Entry,Tester,27,5
521,73e129f7-c0a9-460a-9c43-c2b4c3a251b7,Callie,Petrou,Medium,Developer,27,4
522,6107955a-a59a-4b07-b721-79ba62668d4e,Bartie,Waymont,Entry,Analyst,4,7
523,2eccf71c-5a02-462a-b59e-77244591e6a0,Alyosha,McRuvie,Junior,Developer,1,10
524,9ace0cdf-df70-4f46-983f-77276a9953cb,Kellen,Tourle,Senior,Tester,19,8
525,da3270ce-59c5-4927-88ba-37894a1f0540,Lyndsie,Prewett,Entry,Developer,4,5
526,d2bc4ff4-b0b1-416c-b885-07ded99228e1,Dulcea,Fellibrand,Entry,Manager,16,3
527,e869e8b9-184f-4b16-a2e2-d21a4321b668,Town,Ivakin,Senior,Manager,22,1
528,83db16ec-d629-47f6-ace6-1672290c6956,June,Jotham,Entry,Team Leader,14,3
529,e36c79b1-2161-400b-ae34-d8c468cd86e7,Poppy,Hawney,Medium,Developer,10,0
530,1c657284-fadb-4416-8f3c-bc28a24d9d12,Sidnee,Hendrickson,Junior,Manager,10,9
531,fcff3bac-13cf-4f72-8fa3-9e5a5ca63f3a,Theodore,Coskerry,Medium,Manager,30,1
532,bf0caad5-3335-45f6-b613-5b0e37962a36,Nappie,Bonnin,Medium,Team Leader,20,0
533,d12a7f28-4730-4d69-be54-8ac4c6287585,Ezequiel,Sporner,Medium,Developer,14,4
534,e20d5cf7-9c61-406d-b44f-7ca7e83d09f3,Neely,Mulrenan,Medium,Team Leader,29,4
535,e26f5562-fe16-4f39-bb4d-d806c0457591,Ham,Carman,Junior,Manager,3,6
536,43116994-13ed-4de4-8b38-f18b5a5f27ca,Sisely,Swidenbank,Junior,Analyst,27,7
537,7e160f20-143e-4fd1-ad71-b51c86ea9755,Gerick,Sleeman,Entry,Developer,9,8
538,d075fd6e-1549-45fa-927f-4b45944bc3ac,Goldi,Streeting,Entry,Developer,7,7
539,e14bf178-06d6-4edf-9ef6-5bb96d0ab8e1,Tonia,Vogeller,Senior,Team Leader,29,6
540,2b9b49ad-2f7f-4d9b-af46-e0e2b0df8b09,Quentin,Carsey,Medium,Developer,2,5
541,b57ed35c-71f2-4168-9e54-e49443858abb,Dasi,Inker,Medium,Analyst,26,3
542,dcc25197-1312-407c-a080-ae61ab4bf5d1,Lind,Kerrich,Medium,Tester,14,4
543,9024500e-09a7-4789-93b3-d4585758b812,Edgar,Saice,Entry,Analyst,5,5
544,467a7509-180a-4188-8123-0acc9fa324f7,Domenico,Aspy,Senior,Tester,19,9
545,d1076ce6-84ff-4d8d-ab2c-afd11a2b2416,Ulrich,Skrzynski,Junior,Team Leader,3,9
546,0c6c2ccc-d315-4d36-b310-60c02aa1a783,Candy,Dentith,Medium,Manager,10,3
547,8d45a613-356e-44fb-886a-0e129dcc32de,Jermain,Zorzetti,Senior,Developer,28,4
548,505933f9-e074-477a-a0b0-c212ab04b079,Emma,Ganny,Medium,Team Leader,1,1
549,9180f16d-2936-48ef-b41a-5c15b2bd4972,Gearalt,Beevors,Junior,Tester,25,0
550,6c996568-efe7-4368-a506-0e53a07dc7bb,Kippy,Neasam,Medium,Developer,10,1
551,5f8ed49f-30f3-467b-9908-146f27a8d5df,Jobye,Goley,Entry,Developer,24,3
552,48a2c956-ab65-4e62-9008-1a8984eddcb4,Davida,Charlo,Medium,Developer,16,8
553,ae4a8072-e40c-4fe2-9ba5-166b00af5d24,Titus,Haly,Senior,Tester,12,5
554,59938bea-0839-4279-822e-1bb580b52015,Kessia,Jeaycock,Senior,Manager,13,9
555,e48365f6-8628-4bed-a6d1-5bef95e51745,Angil,Aime,Senior,Tester,12,10
556,792e8159-46e1-440d-9695-c6ea57e53611,Theresa,Jiras,Entry,Analyst,4,8
557,a08c6907-81ee-4849-8edd-47112f15a12d,Desmond,Rittmeyer,Senior,Developer,21,1
558,1d182d70-c8e3-4a73-a621-6b467c971858,Pablo,Paler,Entry,Team Leader,30,6
559,0eac3ee1-b5e6-415a-8772-0970d68b7c28,Kare,Manhood,Medium,Team Leader,8,10
560,3e93a0fd-a24d-4b8c-a8bf-d8dc57a65eba,Mirelle,Glassopp,Medium,Tester,14,5
561,709a8cd4-a0ab-4c45-b4ff-d5785c70b03b,Gerty,Schwerin,Entry,Manager,16,6
562,5fb7eb0a-306b-4b75-8108-268acad5e2b0,Marian,Wildman,Medium,Team Leader,5,3
563,8cc238e2-8ec8-4e10-a44d-315106bb2528,Val,Meran,Senior,Tester,26,7
564,4e54147c-b3e7-48d0-875a-246af6985772,Abbe,Minet,Senior,Analyst,24,2
565,8f7386e8-8805-40ab-b9b1-78d85d1fc9c6,Courtenay,Speek,Junior,Analyst,7,1
566,354ffaad-8057-4899-a1d2-7f8df15facbb,Roberto,Tolworth,Junior,Developer,7,0
567,c08c0e32-0124-421a-b040-1f01e528f885,Cello,McClymond,Medium,Manager,8,1
568,a7ce4e4b-8e7a-4d21-a030-45c0c6a80fcf,Rodge,Hempshall,Senior,Analyst,16,0
569,8a5bed64-a841-42df-bc84-0ec312f18366,Kakalina,Lodevick,Senior,Tester,29,7
570,666c1bbe-93d4-419f-beb1-f1a49b22a884,Georgianna,Wike,Junior,Team Leader,25,7
571,d129d40d-9377-40ad-89db-cd80097978be,Bettine,Golt,Entry,Analyst,1,10
572,4b038a9f-1ab6-4d48-aaa1-f68a7138218f,Bel,Wedderburn,Medium,Analyst,7,9
573,2b06da4e-d8d0-4b7f-a1b2-a5d1bb790f59,Ada,Tomaello,Entry,Manager,25,6
574,35299726-b469-415f-8ce0-04454337199a,Dall,Danher,Medium,Team Leader,18,7
575,40f4aaef-f8ce-4f4e-b8ed-6f42aeef7aeb,Alisa,Zavattieri,Junior,Team Leader,23,10
576,0f8990ec-be9b-463d-91b9-16d04f010097,Sheila-kathryn,Walklett,Entry,Team Leader,24,0
577,31473ae3-4e91-4117-99d9-e352624eaf06,Kayne,Lamperd,Senior,Tester,14,10
578,b436d20e-f49d-45ff-82e3-437239c043ef,Eyde,Glyde,Junior,Tester,13,6
579,16cb54e8-53cb-405e-831d-ee3e0c820e6d,Susanna,Kurten,Senior,Analyst,12,2
580,dd33f5b9-8f07-4f84-bfc4-a521c2ba58b9,Royall,Schnieder,Entry,Developer,19,5
581,6c2ebfb9-f1dd-41b9-8b0d-687f96af597c,Lancelot,Prothero,Senior,Analyst,2,6
582,c89d5ded-314c-49ed-b019-5297b828a3eb,Cymbre,Bissex,Senior,Team Leader,7,0
583,79db2b46-3b52-45a6-9aa9-19df34b6264f,Manda,Shepland,Entry,Developer,20,10
584,cc182dc7-aa09-49d5-bdc4-ff29b994089c,Delila,Shankle,Senior,Tester,30,8
585,31564772-1966-4a16-ba50-440343722dd4,Laurice,Huddy,Medium,Manager,2,7
586,78535950-f5d5-4e7f-a4be-19643a4f0581,Leontyne,Jeffels,Junior,Analyst,2,10
587,37aba61c-b8ac-4d09-980f-4ffbe1c5d05c,Sondra,Oulett,Entry,Tester,29,10
588,fa614647-a2db-4f77-a21a-36fc982e2258,Rickard,McCurtin,Senior,Team Leader,10,7
589,ce558286-de0d-403f-bb4f-9c917aee603e,Sela,Heliet,Junior,Team Leader,30,5
590,ca817156-2a6f-41e2-b7e3-6ebcb32df445,Marita,D'Errico,Entry,Analyst,11,3
591,2ead6377-7528-41b4-82ab-29a2bef6a4de,Xavier,Ferrero,Entry,Team Leader,25,1
592,7294ab1e-5265-4b1c-9c83-d14c63820091,Smith,Triggol,Junior,Analyst,11,10
593,600683b6-b822-4910-9c96-72506c4ce83e,Kurt,Yurygyn,Medium,Developer,22,6
594,a0219e2b-baa7-43f9-a74a-6fe5da19c37a,Bekki,Wakeling,Entry,Analyst,30,4
595,9c4b8fdc-74a5-45d7-b9ba-9ce7b9273ab9,Vivianne,Thickins,Medium,Manager,22,3
596,c0c1c00c-a613-4741-a260-1b054b66a164,Alphard,Hatchette,Medium,Manager,26,3
597,4f73d859-b936-47f8-a31d-12fff0b6a1c7,Aloise,Biggen,Junior,Manager,25,3
598,fdcb3485-06c3-4d8d-ba49-36ee7be3f5d3,Hynda,Constantine,Senior,Developer,13,1
599,f726639f-1087-4e88-9b87-0fa23b16fcb1,Opal,Yuryichev,Medium,Developer,13,2
600,d20fe161-4ae4-4415-b6bd-e7afc0654e31,Anallese,Challace,Entry,Team Leader,4,7
601,531657cb-4136-4262-ab39-cfcc982450bb,Valentina,Brader,Junior,Team Leader,25,4
602,27f16db1-569d-4295-87c3-52b2355a3f0a,Yulma,De La Salle,Entry,Team Leader,22,4
603,1d3b0806-ba6e-4d8f-8245-4731de5da74d,Dacy,Oldaker,Junior,Tester,11,5
604,37b61b87-5b5e-437f-b70d-e4124f575142,Lindi,Josilowski,Medium,Developer,2,2
605,2be76fde-0ab3-48ce-a3ec-53d215c79ff2,Bernardo,Bushill,Entry,Tester,14,7
606,49b7ffbf-7cf1-442a-adaa-e37d261c50ce,Devinne,Torrie,Senior,Team Leader,29,9
607,013eff91-cbd8-44cc-9fcf-a21c986e6b2f,Boycie,Abley,Entry,Manager,24,1
608,383c184f-4365-45d4-bdf1-71e141a14c0c,Shandy,Dinsey,Entry,Developer,21,2
609,8ae05a80-1260-4737-a2b2-e96f7c0be5d9,Bride,Caldera,Junior,Team Leader,22,8
610,051ca0c7-2b3b-4505-a3c1-b4d66ae1e85b,Laurella,Drysdall,Junior,Developer,3,6
611,f4f787a9-f888-474f-839c-eec68073fc80,Rina,Gomes,Entry,Team Leader,14,4
612,d63f1f1e-dda3-4c39-a699-ad6831aece91,Pauli,Duncklee,Senior,Developer,17,8
613,29484a49-18d7-418f-86e5-76d3341b17b9,Cecile,Liddon,Junior,Analyst,3,6
614,d91faa9a-2fd5-44d7-94c4-8b1eba3b4e1e,Darbee,Tolcher,Junior,Developer,20,9
615,1dd288ab-4d55-45e3-907b-f578e0c46801,Breena,Gauden,Medium,Team Leader,25,5
616,81309396-6169-45d6-9661-904d957ef92b,Luisa,Cecere,Medium,Analyst,3,3
617,dabc959c-62e0-45a3-860f-4bc29c5cb0f7,Terese,Ramel,Medium,Manager,6,1
618,9bebe91c-eddd-429e-873a-ec4f67168e35,Annabell,Oade,Entry,Team Leader,6,7
619,ed9faf23-0bd5-4b82-9067-0e36355a9d12,Elnora,Lapthorne,Senior,Developer,20,10
620,61c9e698-8838-46cb-8fb6-e2bbf0a84f3a,Lorita,Hansen,Medium,Analyst,30,8
621,e744cbde-7c5c-42d1-a14b-bbd3550ca85a,Gerard,Kettow,Junior,Analyst,24,8
622,fd4289d9-ce06-4a02-9d94-ef53d672abb6,Cordula,Clute,Senior,Manager,14,7
623,9a95cfea-1178-463d-9803-61d602713f93,Natalina,Sugden,Medium,Tester,3,0
624,f9f6011d-c31f-40d2-b4e3-ba6e537301d7,Faulkner,Sawl,Entry,Tester,29,1
625,9d9cc201-6060-4816-8e8c-64165f5d6283,Kerrill,Hospital,Junior,Tester,4,3
626,fe69d5f7-3842-4ee0-8c9e-3a3a9317180f,Pren,Ayrton,Entry,Team Leader,8,8
627,51508849-a733-4db9-b852-ab7a7d5b111a,Yettie,Hanson,Entry,Developer,11,7
628,71184307-aafa-4800-b0a2-d0f4860f7873,Bree,Hruska,Medium,Tester,10,1
629,18f6915a-cd42-4573-bf9f-858c3127eb2b,Arin,Ridsdole,Entry,Analyst,27,5
630,4d9db6f7-5322-4832-b244-1ad098f6b7ad,Silvie,Fayne,Medium,Tester,25,8
631,ec461d6f-6a3f-47a9-b64c-46c45050d848,Gavin,Tilling,Senior,Manager,11,4
632,c56065bf-4c29-4d02-bd58-e8864493997f,Betty,Enga,Entry,Team Leader,1,8
633,02de4e08-75cd-41ca-8056-397001596895,Graehme,Yon,Senior,Analyst,10,5
634,a7fbefc5-fa07-4626-b72f-90613248d94c,Gaven,McQuaide,Senior,Team Leader,9,2
635,20fca9e1-5e64-467d-ba50-f03c8bcfe4d5,Bear,Wainscoat,Entry,Manager,23,6
636,78d12ec1-bd11-4852-a2da-fba7f18d70f6,Doralynne,Roy,Entry,Manager,1,5
637,c184409e-f96e-4a3b-8005-9fbfcbcf84b4,Lionello,Shuter,Entry,Developer,25,5
638,aedf48bb-0097-414a-9f0e-7740b47e5765,Jinny,Falls,Medium,Analyst,25,2
639,3a1afd15-ffa5-42c8-be5b-72ae6018b6c6,Ralf,Abbiss,Medium,Tester,29,9
640,8aa33f95-af7f-49d0-bf8f-e5b4e2e89e68,Meghan,Limeburn,Junior,Team Leader,23,7
641,eb4eb0e4-4af7-436b-b21a-4abc7a926855,Euphemia,MacMenamie,Entry,Tester,10,8
642,625c5ea5-0b4d-4ad1-9f25-3970c405a27b,Penny,Durrand,Senior,Manager,2,4
643,9c546e47-2293-4fe3-b225-1a11646ca9ba,Hugo,Vink,Senior,Tester,12,5
644,47f60587-8fb7-4dfb-a8d2-237262536d88,Orazio,Sheringham,Medium,Developer,28,0
645,07f9c120-6ba4-4123-9aa1-a8e14fca1a60,Tony,Gannicott,Junior,Developer,1,4
646,dd4ba72c-3c31-46b4-88c2-1716a0086b74,Giana,Bottinelli,Junior,Tester,15,6
647,45a82e59-c116-4c16-af34-91447677c2c5,Edythe,Eronie,Medium,Manager,4,10
648,cd8dcb86-dd94-4518-8836-8e38599e214b,Ernst,Crosetto,Medium,Developer,1,2
649,113c8010-5515-4c10-b88a-f64454484d81,Wilek,Gasson,Senior,Manager,26,6
650,6f78ea72-4475-4b6f-994b-c5fceb6df209,Lulu,Dougan,Medium,Team Leader,11,0
651,9a9740be-a725-4e6b-8247-253e06a2e58a,Bordie,Bucklan,Medium,Tester,9,0
652,96a94211-e7d7-4f73-b37f-065798a3938a,Florenza,Auchinleck,Medium,Developer,30,1
653,7878a363-fcea-461e-988a-31c058e8ad2b,Cory,Sebright,Junior,Tester,8,9
654,346fada4-d947-4dd0-9e0e-4bcbaf1af71f,Harlene,Milleton,Entry,Manager,18,2
655,7d864848-1ce2-4ed6-b4f2-1ff7ff0c2419,Jareb,Gregory,Medium,Analyst,23,10
656,d28c8537-c1e7-4178-b5ed-b4210a730673,Millie,Chaikovski,Senior,Team Leader,18,4
657,af24b61d-1c1b-481f-b546-60b1fc2f25a6,Currie,Dauney,Entry,Developer,30,3
658,8f5badf9-ca22-4ba0-b2e3-036f3a696d24,Madelyn,O'Longain,Junior,Manager,20,8
659,603d7e08-8a8a-4c47-a312-795df18fd3c1,Nicola,Doram,Senior,Analyst,30,1
660,978d7ea7-0bcc-4420-b81a-eb5a56bd0db3,Erinna,Lathleiffure,Junior,Team Leader,16,5
661,efca1714-bb96-414a-9575-cc02d8cd309b,Bayard,Woodyear,Senior,Analyst,8,9
662,f63a2c13-7f0b-42db-bad5-789d3db25a44,Ivan,Millsom,Junior,Analyst,4,7
663,1d83a683-7efa-4215-bbb6-0bf19b53d456,Webb,Mulchrone,Senior,Manager,9,1
664,576271a7-6352-492a-a1c9-81155cdec204,Opalina,Laroux,Junior,Tester,25,8
665,aa4b69ae-2ee1-4421-852b-f49726d31f0c,Ruth,Lainge,Senior,Developer,8,8
666,3e8927cf-1dd2-4b3c-b504-652d02a40089,Romona,Orgen,Junior,Developer,6,4
667,38735ad4-9a87-40e3-8639-3f2af154e0cd,Lalo,Starsmeare,Senior,Manager,9,9
668,3595aabe-5393-4d8e-95f0-a4f406f25596,Papagena,Charity,Junior,Analyst,22,4
669,cb483c61-09e6-4066-81eb-f566223d18b1,Dolley,Waren,Medium,Team Leader,6,9
670,d31778c1-97ff-4e25-955a-451f694cf783,Phillis,Georgeot,Senior,Tester,10,5
671,088cec0e-28a9-4a7f-94de-dfe59cab3a09,Wynn,Dayment,Senior,Developer,28,8
672,06479a9e-b123-4a8a-a1b5-b54d8ebf5aff,Lyndy,Yerrill,Junior,Manager,10,9
673,7060528e-ae12-45c7-a290-88468762b76d,Bartlet,Hancock,Medium,Team Leader,24,3
674,111bbdb2-d41f-4b28-b5f8-e4051a5d617d,Nettle,Doby,Senior,Analyst,1,2
675,596ecd74-fe19-4f72-bd95-05e6555d3124,Fraser,Laetham,Junior,Team Leader,15,7
676,c33733d0-0ca7-4cd0-a757-c26e385e3327,Byrle,Stump,Entry,Analyst,3,0
677,03d9d973-1434-463f-915a-6b70c5fa6b36,Germana,Silliman,Medium,Manager,12,1
678,293e5401-52b3-49f6-8af0-4a25509a8921,Gaby,Gosselin,Senior,Tester,16,7
679,5fea72dc-c3ff-444e-9d89-739320406ac1,Theodosia,Schimek,Junior,Team Leader,18,9
680,8f2430e1-4f65-42cc-a294-0a3b2f9c15e3,Charmain,Grimwade,Entry,Manager,22,6
681,9771b3d5-760c-48b9-96b1-46695fe4df57,Rawley,Duffield,Junior,Analyst,13,3
682,75055bc3-54a5-472b-9a54-2df51b81c8aa,Fara,Cristoforetti,Entry,Manager,20,7
683,d6c67574-b0ec-4f0a-888f-d0f9aff2e644,Tracie,Faier,Senior,Team Leader,28,10
684,8f074d3b-499b-41fd-a770-f4b6fe44c46c,Ernie,Sheeran,Junior,Tester,16,3
685,1db6bb13-fe89-41c9-bc67-bd068928779c,Kathrine,Barthelemy,Senior,Tester,14,1
686,74232dd4-0d44-40b5-8619-2ccb9f11860a,Axe,O'Carroll,Medium,Developer,26,3
687,44b6d8f7-dc12-427a-ac83-963eee2df3fc,Gustav,Juschka,Medium,Developer,7,6
688,9e425db4-411c-42e7-bcd0-266b8a0bd701,Drake,Harm,Entry,Developer,13,4
689,6f890b37-e290-40b4-a27b-938e29c316d8,Egbert,Patterson,Senior,Developer,13,7
690,b44e078a-c971-4420-8b28-53ac8cff98b3,Court,Skarman,Senior,Analyst,26,6
691,7823eafb-20a3-4eb4-8d27-9689a8dbff45,Kristofor,Bertram,Entry,Analyst,7,7
692,9662e994-fe1b-454e-99e7-4cae893a8c34,Hedwig,McRobert,Medium,Analyst,2,4
693,4f386f41-3f64-4655-89fa-46db507cd470,Livvyy,Westphal,Entry,Manager,11,9
694,a67be127-5188-4b1c-a3fc-26e10669f950,Dorisa,Durrans,Medium,Developer,2,8
695,d6e97b89-7657-4d20-a572-fdfbebc18818,Crista,Stones,Medium,Manager,26,0
696,f40e24ba-bc03-4da5-b4c3-86f901b08d06,Tulley,Ferri,Senior,Manager,29,4
697,2c73e31f-61e3-4bfd-a379-6e7e1e9a8feb,Wayland,Allwood,Entry,Tester,3,7
698,a7517eaa-de05-48fd-8beb-4ce67a8f746c,Martelle,Trunks,Senior,Developer,28,9
699,f4bd275a-a5ef-4a89-9191-6f67af9f2844,Papageno,Simone,Medium,Developer,2,2
700,420140d4-f942-40ff-9637-0677ff4ae3c7,Arabela,McLucas,Medium,Analyst,7,9
701,baab47c7-9108-44da-81ee-e066a4646374,Catlin,Dassindale,Medium,Analyst,24,9
702,0f48bd57-3d45-4a3b-9183-bd0d67e476ce,Andriette,Mulvihill,Entry,Manager,29,9
703,b4bd4164-187e-4130-9d45-b4b9f52062af,Meredithe,Temple,Senior,Tester,26,10
704,bb2a9a87-61b7-4634-adae-fa42efb18fc7,May,Atcheson,Senior,Developer,14,6
705,90cf83c8-60e6-4cab-9088-8fa7ad4cc1b7,Linnell,Goare,Entry,Team Leader,17,7
706,be1173d2-dd8e-41d3-a17b-a34506e14f14,Leta,Maciunas,Medium,Analyst,25,3
707,318f5d4f-9ce8-4f53-bf52-db9c8217de60,Weidar,Forsythe,Medium,Analyst,6,1
708,11f2fea7-4e8e-468e-a912-ada75a044aad,Sargent,Grzegorczyk,Senior,Manager,16,9
709,689792a2-5c1c-4fd0-94e9-a898eb5188ed,Neel,Colquitt,Entry,Developer,23,8
710,864a66f7-f936-4ae1-a45b-81e0ac5bd830,Jacquelynn,Drinkel,Junior,Tester,6,7
711,52925504-e9fa-4d89-b1eb-bc7932924571,Faustina,Keays,Junior,Developer,21,9
712,cea3f30b-92bc-4f91-8d7e-523496f1111c,Minerva,O'Dyvoie,Entry,Tester,15,9
713,73aab6a9-446c-4028-988b-2c467aa09996,Cobb,Loughhead,Junior,Tester,30,7
714,6389f696-e6f3-4f20-8370-315b91996359,Joshuah,Bewsy,Junior,Manager,25,7
715,c3e3785b-6b4e-4543-aab3-35ee385838d1,Gabbi,Truckell,Senior,Analyst,30,0
716,3b1cc08f-c7b8-447b-b68b-2adaed55e742,Kipp,Firbank,Entry,Tester,9,0
717,f0144c8f-5998-4677-9d25-ac8217b55737,Teodor,Skelding,Entry,Tester,8,0
718,c68b5f36-f816-4b03-8bb3-281f4ee650ca,Pasquale,Perree,Entry,Tester,14,3
719,5e7614eb-96bb-480f-a98d-e304998cf7fc,Jaquelyn,Tattershall,Medium,Analyst,20,2
720,96fa5890-5b0f-4e25-a917-562258555583,Jaymee,Spenley,Medium,Developer,15,6
721,6a017339-285f-4398-a8c9-7f33c0079f8a,Gwenore,Waszczykowski,Senior,Tester,9,0
722,46a68c3e-7377-4e2b-8a53-b636700bf7b1,Reginald,Brough,Medium,Developer,24,5
723,dd0eab75-2c0c-46ab-b9b3-b9443cc8ad22,Marielle,Been,Medium,Tester,27,8
724,8f63dabb-49da-4b49-9348-fe83fdb4c0ec,Doralin,Robbie,Junior,Tester,14,6
725,a65b7eff-0a22-437e-8229-3ee71d62ac34,Symon,Lusher,Medium,Tester,26,6
726,cefecd13-2fac-4d93-a8bb-99e77181bc4c,Worthy,Burnham,Entry,Tester,6,10
727,b8615f01-599a-4c73-af97-7e9024b50f98,Lauralee,Maciunas,Medium,Tester,21,9
728,20be97aa-22ea-47ee-99cd-f115c60717a0,Melesa,Narbett,Junior,Manager,8,7
729,06c54779-903a-4bf0-af66-30122aa5d0a4,Filippa,Keepin,Senior,Developer,28,4
730,c3ecc857-427d-4048-8a4a-331ec04b2c5a,Addison,Whilder,Junior,Analyst,23,3
731,5842dca8-1e58-4caa-acf1-accd7f4b8895,Sean,Gerner,Medium,Developer,18,10
732,543d255d-667a-4152-8857-d4b2232033df,Noell,Hance,Medium,Manager,7,7
733,13eaa8ab-19a4-47dc-87bd-8071aba3e6c9,Alvina,McCowen,Entry,Analyst,9,4
734,9299bd2a-8748-4615-adf2-87d82a480392,Guillema,Petyanin,Senior,Analyst,12,9
735,1e246c7c-4fea-433f-8159-bff5fa3131ef,Eadmund,Kalf,Junior,Developer,3,5
736,a90caee9-51f8-41ed-9b5d-ee8394170b54,Bobinette,Mochan,Medium,Developer,29,10
737,ef62d7c7-0555-4f8c-b780-36ad8870ab15,Samantha,Bollum,Senior,Developer,7,0
738,341d3cfb-6fa4-4a5f-8025-bca3aba92359,Elmore,Heathcoat,Senior,Manager,22,6
739,12a66c2b-3d7d-4d11-aa15-de30239538dc,Wood,Duerden,Junior,Team Leader,11,8
740,22337ea3-2bbd-4b88-a342-1bf1fd5e1a3b,Tremayne,Wenger,Junior,Tester,10,6
741,0e6ec247-66b2-4050-bf4f-345ead3d45ca,Zelig,Nelson,Medium,Team Leader,3,3
742,addb8235-e458-4133-957d-23afd1eafba1,Stafani,Kirkby,Senior,Tester,29,9
743,d0be9210-1111-4d3e-87d1-5006f6511cd4,Francois,Farebrother,Entry,Team Leader,6,10
744,053c85ad-55cf-4f65-b207-d6bfbe061368,Gunter,Ferier,Senior,Analyst,27,8
745,008629ae-542a-4242-9c79-a56b7e8c29c1,August,Caswill,Entry,Manager,28,0
746,41149545-289c-4d8c-a223-fac4d4946438,Gregorius,Priestman,Senior,Tester,18,5
747,1c44235f-0cfb-4429-9905-1198bc2eb4b1,Roby,Bodycomb,Senior,Tester,23,7
748,0884bb77-49b4-4e65-b7a0-edb387dd4e84,Henry,Cawkill,Medium,Manager,28,7
749,9e89d0e7-2744-48c6-b12c-574a47bfd16c,Zara,Petrol,Medium,Manager,19,2
750,60ef723a-c9e3-4c8a-afe0-e6efd2e9ab50,Rafael,Wynter,Medium,Tester,23,1
751,c58d152b-7754-4b2b-a96f-ff2c58f2c4c5,Maritsa,Partener,Senior,Manager,22,7
752,efab4bb8-2de9-454b-ba86-2781e6509773,Andros,Burthom,Entry,Team Leader,4,9
753,f313e795-1312-4099-b76d-c7b2f1a0ca0e,Jemmy,Isaq,Senior,Team Leader,7,9
754,2f8eae15-ea76-45a1-8b6f-5c096db7356f,Gibbie,McRobb,Junior,Tester,18,3
755,90b0d80f-dc03-4a8b-8719-a354c07d336f,Zack,Yateman,Senior,Developer,24,8
756,f48c1dd8-4d72-4c44-af53-97408c6ce545,Ninette,Eastridge,Medium,Developer,19,4
757,79b1da7b-d7a5-4fc9-9b09-159b1fb0d44d,Noland,Duffree,Junior,Tester,1,10
758,575d9538-0466-4028-becb-3090eefe22c8,Michell,Harrald,Medium,Manager,15,1
759,0fb7bb47-e8e3-43df-9013-cc7356734491,Clarette,Tinsey,Junior,Team Leader,13,3
760,65c38efc-3103-499c-b3f2-e98e49728567,Fonsie,Lempertz,Medium,Developer,13,2
761,a12775e2-6c5b-4364-a91b-b30fa7c0295a,Rooney,Legier,Senior,Developer,24,7
762,f2b6b7be-845d-4a45-8e2e-18be9782b7f2,Beverley,Mayne,Medium,Analyst,1,5
763,c2b9c440-a792-45bc-a4c8-bcd5e534d77b,Johanna,Bendson,Entry,Tester,7,7
764,7a762faa-eb40-4733-abe6-2d8222bd1b36,Minor,Castagnier,Junior,Developer,27,8
765,ed4bdc29-0ad4-45b9-8ec8-493e601b77ee,Gay,Hebborne,Medium,Team Leader,19,2
766,a5b2bf00-b869-4561-85c8-f7be40c5364c,Rorie,O' Timony,Entry,Tester,19,3
767,8688daa0-2a2b-47e6-a775-5d35a5472168,Levy,Hawkey,Entry,Analyst,11,4
768,6ca5c7d8-f0eb-4850-8dc3-32a1218f5cd8,Tabbie,Nerger,Junior,Developer,30,5
769,4160093c-7953-4424-9ab2-5a73c76e0952,Ossie,Clemanceau,Junior,Manager,20,8
770,8368e9e9-f653-442e-8180-714c809c94bd,Kali,Imrie,Entry,Manager,4,8
771,d59dfe7a-6b12-4acd-b3e6-12c635679540,Dougie,Elby,Junior,Manager,14,8
772,1b9fc242-b510-4170-ad00-7e5e16f2152e,Bard,Pheasey,Medium,Analyst,7,1
773,9f99f5c0-222c-457a-8c7f-14fb04a4bb24,Pauli,Salvage,Junior,Team Leader,4,1
774,26881252-5594-4e0b-8de8-6cad1812f41a,Karleen,Squibe,Junior,Tester,14,7
775,982e5997-5b6d-4391-8069-7e839f9f72ab,Ryann,Gepson,Junior,Analyst,1,0
776,e5fe9a68-5ede-4d1b-a727-9081df8dc7ab,Lynda,Annets,Junior,Analyst,16,1
777,a6d53d7a-ee46-4b0c-8293-1bac168eeb30,Latia,Sunock,Entry,Tester,29,6
778,f0f08813-86ee-44ce-88ef-e7a431dc8f75,Bentlee,Mengo,Senior,Tester,30,10
779,bfee77b5-fde0-4edd-9154-c093e4de5147,Kane,Crown,Junior,Developer,30,5
780,a91d8fed-e7a0-4649-955b-3d301e96041f,Fonzie,Ellor,Junior,Tester,15,2
781,1ce20eb3-4cd2-44c7-af05-4ebc4a6e3e08,Charlton,Sherratt,Medium,Developer,3,3
782,a9dfcfc7-0bf6-4aa5-b4df-209479488b37,Mayor,Rampton,Junior,Developer,1,7
783,02a0a803-e886-4543-869e-a5af4ed245b0,Nicolea,Tebbet,Junior,Developer,10,7
784,01c5981e-7222-43f4-89ec-755777a64703,Linell,Yukhov,Entry,Analyst,27,1
785,c0bcecab-f2f8-4bcb-a2b2-b64155483690,Herminia,Eyrl,Medium,Developer,1,0
786,d4f2d574-5bfc-4d14-bb88-109605b53063,Malvin,Normanton,Entry,Developer,8,10
787,50066a33-eb7d-4dde-b467-7a345a0c15fe,Theresina,Hinchshaw,Senior,Manager,5,1
788,f6c81f74-fd1d-4ee3-a282-057ba07862cb,Freddie,Romney,Junior,Team Leader,11,10
789,1e9afb26-6950-4bed-a668-19011a6091c9,Emerson,Manuele,Entry,Analyst,13,0
790,22e53450-6e36-408b-a188-f87a0057a7d4,Charisse,Shower,Entry,Developer,28,0
791,fa750079-38f1-4a93-89a1-a1a407db5ce2,Massimiliano,Haddon,Entry,Analyst,17,4
792,ad3d337c-05d0-4ef9-98a9-ef8c16c59e77,Ree,Flobert,Junior,Tester,22,1
793,e9fd1fb5-a153-416a-a7da-d7ad9ad98f89,Christian,Laffoley-Lane,Medium,Manager,15,3
794,f6568765-18d8-4a95-91a0-53d61c14ef30,Eryn,Martonfi,Medium,Developer,26,2
795,cf4c10be-e222-4e36-b96b-c82e91035da5,Egbert,Cockings,Junior,Tester,12,2
796,43033dca-cbd9-4634-ae6c-fd651c46c998,Pavia,Mawditt,Senior,Analyst,15,0
797,b155179a-4cb9-4f8e-ac18-6201a450eda9,Jesus,O'Loghlen,Entry,Team Leader,18,8
798,0c1aab2d-e289-4b58-a883-9f972f316863,Kerri,Speir,Entry,Analyst,1,0
799,62caff9d-175e-41e8-a5af-3ed9f77de670,Joshuah,Goodyear,Senior,Analyst,15,7
800,39b838c5-616d-4fb2-bc31-d808b5eedcc8,Thom,Sparkwill,Entry,Developer,7,9
801,4429a637-d842-4e5b-ad00-15923ba9d500,Ami,Linton,Senior,Developer,10,6
802,7f6d57a8-00d5-4aa4-a972-2ac4431b474e,Jeri,Tong,Entry,Developer,23,8
803,f24d92a0-eba3-4117-b654-6f976f1f1d25,Kaitlin,Moggie,Medium,Manager,8,2
804,5b222b56-52e1-410e-9453-73867f628dad,Sylvia,Stucke,Senior,Developer,20,8
805,7122aa4d-1885-4f56-baf5-10207d4b0450,Thaddeus,Garatty,Senior,Manager,24,0
806,e0689e70-44c5-452d-a555-ac1ae67d3ff6,Bearnard,Beefon,Junior,Team Leader,7,0
807,c05c5571-d812-4d96-82aa-827c06eb8215,Vivi,Jessel,Senior,Team Leader,22,4
808,d436d123-7490-4dfa-93f6-60c2e24819a5,Alex,Ralphs,Entry,Developer,10,1
809,0657ad24-bba9-4a91-a8a5-8cb574f17413,Lotti,Chomley,Senior,Developer,24,0
810,e2b322e9-713e-4e1f-aa8e-f51976792cea,Garfield,Scowcraft,Medium,Manager,19,6
811,28c6710b-851c-4d9b-9f99-ff0339a71077,Hayward,Del Checolo,Senior,Team Leader,8,5
812,f2abfea0-7e60-4af2-8b14-982665788196,Charisse,Banyard,Junior,Manager,14,4
813,8b56c2cf-038d-4005-b2d9-da7c45b8b044,Nickolai,Reeveley,Medium,Tester,25,2
814,5d888e99-5e3f-4cba-9fc7-46cd7a80c927,Waylen,Nabarro,Entry,Analyst,18,2
815,56b0eb1f-39f1-4146-a46e-0c0ab75c10ef,Brian,Heyfield,Entry,Analyst,2,1
816,e188827e-9744-488c-abe1-f37d1a99d38e,Sigfrid,Dudill,Junior,Team Leader,26,8
817,5b3f46ee-aff1-4134-91cb-f1429bf78115,Allistir,Eeles,Junior,Tester,19,5
818,b69da4b0-0caf-42f7-b214-3fc57fb21959,Reggie,Andrin,Senior,Developer,18,6
819,dbe529eb-21dd-43c9-aa78-33f5998feba2,Lenora,Jarrelt,Junior,Analyst,24,4
820,7b339480-e680-4475-96ff-eeaf9b1b286b,Em,Dani,Junior,Team Leader,18,3
821,d812c1f4-b273-4593-887f-2d9b2f0ba1a6,Martica,de la Tremoille,Senior,Manager,15,3
822,b588e9e1-c537-4328-bf79-1adc9b04b8ba,Agnese,Tabrett,Senior,Tester,1,7
823,08293876-3ddb-4586-a32b-10011537161d,Petronia,Chater,Medium,Analyst,14,0
824,1e74d6d2-e7a2-4594-9dd4-d71c7888555e,Bary,Pilcher,Senior,Team Leader,26,5
825,e5c1f7a9-4495-4071-b462-75c015de0f2c,Nolly,Gosling,Senior,Analyst,11,5
826,dd8b36c0-e1fd-4618-8443-8aa167a10cc9,Holt,Faragan,Senior,Tester,13,6
827,7f24a21b-304d-48ed-aff8-95596c89d24c,Liz,Dutson,Senior,Developer,29,9
828,81ca5917-2d86-4a65-9864-bd2710214e6f,Letta,Kowalski,Entry,Team Leader,27,2
829,9241fee5-eb5e-4982-8f94-041cad3d49df,Sherm,Wylam,Senior,Developer,8,2
830,cb569e64-e7ba-49fb-9fb2-7c0093e56ea2,Cindee,Sawyers,Senior,Tester,26,8
831,0323afc9-f069-4cf7-81a5-bcd9416bffab,Janenna,Bickersteth,Senior,Team Leader,4,3
832,3b244899-0b2c-435f-8a66-58a2f69acd49,Josy,MacQuaker,Junior,Team Leader,23,0
833,d72f89c6-f795-4ed8-a53f-9e03cde8c315,Letta,Huggin,Junior,Team Leader,20,8
834,a1ce3b66-df78-40c6-ad49-2be0b4207ef9,Rudiger,Mildenhall,Junior,Manager,27,4
835,a166e062-69a0-471a-854c-f39a5bfe77a9,Raimund,Le feaver,Medium,Team Leader,30,9
836,160a7b49-48e5-4b2e-87d2-3d78f8016fd1,Dav,Deave,Entry,Analyst,22,3
837,55b5c4b4-dc6d-4f88-b6ca-0b61e10820cd,Ynez,Blucher,Senior,Team Leader,30,0
838,67b1b88e-56cf-4b03-81c7-7f5e163129ce,Danette,Bacher,Entry,Manager,6,9
839,9ea38526-ad4a-4e14-a0a8-bb66adc6c552,Nikolaus,Court,Senior,Team Leader,30,0
840,5d522f25-624d-48da-9c57-a62bbd2616c2,Perl,Rivalland,Entry,Tester,16,8
841,93533054-7353-4494-ad83-807f4aca8848,Wade,Haxbie,Entry,Manager,7,3
842,ea4cbc8b-a466-4523-888d-febf5182046e,Brittany,Cotte,Medium,Manager,30,5
843,f40759d3-b717-4c83-9384-1d77cd0796f2,Lotte,Blesing,Junior,Manager,11,7
844,4e9c46a4-df57-4ab7-93a7-68a662921670,Davon,Crocetto,Junior,Manager,30,2
845,ce525027-ace9-4f9b-9aa1-2f067b4b1255,Elvis,Carde,Entry,Team Leader,17,3
846,04231aa3-109e-46a2-8343-973f01a219ff,Harriet,Tidder,Junior,Team Leader,20,9
847,991e129a-0dcc-438f-9ad1-ff074c5ff966,Baily,Quick,Senior,Team Leader,27,8
848,0824ef96-2b4c-4496-be85-38d81c1eed40,Nevin,Dimmer,Senior,Tester,22,5
849,3dca8b06-46ba-403c-a2fd-4dc6f176e930,Pip,Andryszczak,Medium,Tester,28,10
850,35340a2c-72e5-4758-b51d-94a9277b0b0e,Simonette,Massow,Medium,Analyst,7,1
851,1f5e5bf6-64fc-4bea-86d4-2ebbd56a63de,Timothee,Ugolotti,Senior,Team Leader,15,4
852,e8e765cc-477e-4fe6-bf36-ec5a6d3cabec,Netta,Nials,Entry,Manager,19,3
853,826e9136-d255-419e-bac7-256dcd2372aa,Freddie,Milby,Entry,Team Leader,10,4
854,dc7a83d8-bd40-4195-a80e-7ac740928f97,Aline,Padrick,Medium,Analyst,27,7
855,afc1dee8-421c-45c1-9382-9f12a1bb9c89,Fredia,Elan,Medium,Developer,25,1
856,aafea557-58b5-46b9-a6b6-b71fec5f0a96,Fernandina,St Angel,Senior,Tester,14,7
857,8ae76d09-ea53-40df-a53c-83a9ff36355e,Chrissie,Harridge,Senior,Developer,13,1
858,507cb237-04f6-40c4-a4dc-c03b2f400cea,Zeke,Loosmore,Senior,Team Leader,5,10
859,0c3b8354-af51-40a8-9301-0f87eebe05ca,Lois,Yuranovev,Senior,Tester,21,5
860,8da40067-8a2d-4a4b-806f-8005aed6cd2f,Conrado,Drinkall,Entry,Analyst,22,9
861,642ab0d2-5c45-4539-907e-adb6d1c7bb67,Aeriela,Yegorov,Entry,Tester,11,2
862,a2337314-974a-4f0e-821f-565a97e4aae7,Darn,Dankov,Entry,Analyst,18,4
863,23f90a90-ae74-48da-8da2-4eaa28c3b073,Ginni,Franc,Senior,Manager,10,4
864,71d94bf9-6444-4dac-a18b-82e410eab516,Elbert,Boodle,Entry,Analyst,7,7
865,4aed4667-b9da-4578-b0ea-6f81d6270e54,Pris,Clausen-Thue,Senior,Analyst,8,1
866,775cb691-559d-4248-865a-dd7609da1f84,Selie,Frewer,Medium,Tester,26,8
867,2af5a73b-67ca-4db1-a7a8-2beefea6ac92,Sloan,Hopkynson,Entry,Tester,9,0
868,4d275da9-09d2-496c-96bd-4e86fb72e957,Gussie,Riche,Senior,Manager,13,5
869,272d5cde-1e4f-42c4-81fd-9274fa05f053,Ethelin,Ledbury,Senior,Manager,7,6
870,dadb2936-3c83-4c4f-9f0e-718c353e78d2,Olenolin,Everingham,Entry,Manager,2,6
871,17ce93d0-3ba5-4f3a-8e12-8122dc495938,Adelaida,Paulet,Entry,Developer,30,10
872,53a31b93-caff-45d7-9f68-b2c75fa88cd6,Virginie,Fearnyhough,Entry,Tester,4,10
873,355a889a-0bf0-4bdd-a97e-12c313aec3b0,Diann,Coneau,Entry,Team Leader,29,9
874,d503e471-176a-4362-a38f-302a582f5946,Nickey,Bonson,Senior,Developer,9,7
875,027062c9-ae64-4afa-8b43-72ce45ac600c,Laney,Shinfield,Entry,Analyst,14,8
876,179d06bb-0462-4611-ae4b-2b83c778d56c,Ranna,Nursey,Entry,Developer,23,6
877,dc6f1500-df24-467b-ad30-c35f471826f7,Marybeth,Overell,Junior,Developer,7,2
878,aa8a63e2-8590-4839-b494-79aea05be446,Jyoti,Langcaster,Junior,Analyst,16,2
879,f4b2a90d-883e-4e93-b226-8605ef88d363,Anjanette,Causon,Senior,Tester,4,6
880,99494e25-08ce-4e1d-875f-3df3ad8134d1,Chane,Dyble,Senior,Tester,6,5
881,8d516883-1d5b-4920-bc04-1920edb09943,Vitoria,Lutton,Entry,Analyst,30,6
882,a0d8f4de-739a-4b1e-a395-d62b235f2f40,Catie,Tackes,Senior,Manager,2,1
883,164640bc-9c52-45c0-92e9-3575b8c76d29,Cullin,Jarrelt,Junior,Tester,27,0
884,f735c9f9-5b11-4d04-8f93-fdcffedad2b3,Barny,Haibel,Medium,Team Leader,3,7
885,898475de-0d7b-42ab-9eb7-7b463667634e,Port,Paumier,Junior,Analyst,3,4
886,aa3a52cc-f535-4cbc-872a-3576dbd4328c,Bunny,Chopy,Medium,Team Leader,2,4
887,0bc0c054-e453-4f11-8997-85851121bc8c,Frieda,Bratton,Entry,Developer,7,0
888,5acda505-81d3-4183-83dc-14c602b4164d,Allix,Logsdale,Entry,Team Leader,23,8
889,476b42f5-8a5a-4375-946e-245a639dd1fb,Gearard,Duggon,Entry,Manager,9,2
890,fcb1eded-59af-4675-9230-c80caab52df1,Zachery,Carcas,Junior,Tester,20,2
891,39f2ee70-ad01-4620-8a18-7e06c73c472f,Diena,Halleybone,Entry,Team Leader,29,7
892,e396cbe1-b726-45d3-90f9-3b16701c769e,Padget,Dohms,Medium,Team Leader,2,3
893,e69cef84-c21f-4ac4-a491-92c7c07f8f3f,Karola,Scaplehorn,Senior,Manager,20,9
894,bd59a7f6-ceb5-448a-827f-5cd7fa6e97e0,Salvatore,Tamas,Junior,Tester,16,6
895,b7e25e75-286b-4c82-a1b0-01f4b74cd7e2,Bogey,Lippitt,Senior,Manager,3,0
896,0cdb6f7d-d6d3-4db8-91a4-d6eb0279f949,Giustino,Clawson,Junior,Tester,26,2
897,3f24fcb0-ebb1-427c-84b6-1c2ab1f1eccf,Roobbie,Vidyapin,Junior,Manager,11,4
898,c92bf7e5-fbc0-4d82-824d-ca28b5b77d71,Rene,Chyuerton,Junior,Manager,24,9
899,c884cead-9748-4546-8fbd-d14176ccb3e1,Efren,Moukes,Entry,Team Leader,24,8
900,9b8b11d2-422f-4668-9bdb-52648e9b8cc6,Alick,Bome,Entry,Developer,17,10
901,a85d4582-509b-4c63-8b7c-354eea6b2228,Kimberlyn,Adamek,Junior,Developer,14,9
902,8a4b6a82-7463-4ea3-bc65-dce8b1cb0eaf,Robbyn,Circuit,Junior,Team Leader,23,6
903,6f8cde3e-c9c0-4293-9f56-b1e2c6381d74,Domini,Hitcham,Medium,Manager,3,4
904,67feec43-bcc2-4fd6-8384-c6184ecb853d,Newton,Elecum,Senior,Developer,3,3
905,91d7e82c-ff9f-463d-95e7-058fa6e34cb3,Amble,MacSherry,Senior,Manager,13,4
906,61a908d6-67bb-4010-8808-d796538c509f,Tammie,Pudney,Senior,Manager,20,8
907,12ab3097-34ca-43e0-8acc-5e5ca3e3bcec,Oona,Onele,Entry,Team Leader,9,10
908,d74e5d87-c66a-46e0-b21a-3fece5cf25a5,Buckie,Trowle,Junior,Team Leader,1,2
909,69264312-78c1-4721-87ac-6930b071d848,Annalise,Dottrell,Entry,Analyst,14,8
910,715a3094-a3e2-41f2-869b-23ad3e86fd8d,Birgit,Annice,Senior,Team Leader,4,10
911,ab6ca66e-257c-45cf-96c5-c4912aa40c86,Klemens,Blemings,Junior,Tester,9,8
912,f621e9d3-774a-48c2-a595-d486fa8da503,Judye,Kilminster,Medium,Team Leader,28,5
913,a64fac43-c22a-4a91-b242-56a7bebbd084,Frederik,Defond,Junior,Team Leader,25,10
914,01cc1392-fee6-435c-b398-10852b2f5371,Eustace,Rochford,Medium,Developer,8,1
915,48292375-6d4e-4f7e-b4bf-9fa790020807,Nobie,Bannon,Entry,Manager,29,10
916,0a526c99-f531-44ac-bad0-6c8b691608ce,Stacy,Paulillo,Entry,Manager,23,7
917,5375ac92-1dd3-4f73-9af5-ba77bc6ed400,Shannon,Pimbley,Medium,Developer,23,4
918,d3f14ac8-9a77-41a6-b9eb-d72facb7f415,Raimondo,Russe,Entry,Developer,4,10
919,b8a3a3ff-7647-44fb-a5bb-db8c2e51b12b,Taylor,Bevens,Junior,Developer,2,10
920,f4f0263b-c241-4ee0-92c1-5563aec44358,Britte,Elderidge,Medium,Analyst,15,4
921,df0f77d0-bc53-4b38-8ee0-9f4471bc6892,Sebastiano,Brome,Medium,Tester,8,3
922,d18264c4-551d-47f1-92b8-69f6c22309fd,Frayda,Prevost,Senior,Team Leader,13,10
923,93f4b388-a020-447e-8728-20c3ca115d84,Geralda,Keesman,Medium,Team Leader,21,2
924,e9cc6aa2-20b3-4dd7-a257-e853ae21c88b,Billi,Sands-Allan,Junior,Team Leader,11,8
925,8bdff009-6cca-4c62-9d08-ae32c3564129,Muhammad,Esmond,Medium,Analyst,3,10
926,67e9d7b0-de0b-4b22-b146-51e0df5c52e4,Brent,Peirone,Junior,Developer,24,2
927,525fdf97-3069-406d-a33a-1a259473e54b,Ernst,Dacke,Entry,Tester,26,7
928,0dcaca03-dd9c-4c42-b9fd-a5848edc06ea,Damara,Fairall,Medium,Developer,20,7
929,1ac3a1b3-7201-4f79-bc82-10c8786347df,Clemmie,Lunt,Entry,Team Leader,20,2
930,cc03a42b-627a-45e9-8a08-03929f73487a,Traver,Stuther,Medium,Developer,13,10
931,09b25a6a-d796-4157-95b3-c1a7f944f0ef,Catherine,Hadlington,Senior,Analyst,11,4
932,5bebeba1-bda7-41b4-9add-3a295760a8cb,Brockie,Heartfield,Medium,Manager,11,0
933,00dfcbde-fcaa-4bc0-ab68-a9e431340f5b,Isidoro,Hember,Senior,Manager,3,5
934,827b8662-45d1-4b02-9f25-2f620cad527e,Batsheva,Goundsy,Entry,Tester,29,10
935,867e611a-109e-4068-8d45-d4d283fb34e3,Adolf,Cavanaugh,Medium,Team Leader,22,0
936,f915c440-b154-4246-9ef5-6f235b21596c,Moises,Gibby,Senior,Team Leader,12,7
937,6ba2c426-dd2a-474a-b2c9-eb05aa1fd6c4,Lonee,Ferrey,Entry,Analyst,24,7
938,9e5db36c-311d-4ee4-85aa-eb0ff38e2637,Jaymee,Parcell,Entry,Analyst,5,3
939,177a58c5-05af-4593-be44-d154b80a695f,Skippy,Arr,Senior,Analyst,7,7
940,07327db9-cff6-496d-ab0b-9d183b116370,Carissa,Cleal,Junior,Analyst,10,1
941,fa1bf15c-511f-404d-9e43-4e63058788a9,Brnaba,Dennison,Junior,Tester,24,5
942,b351200c-ebd3-4497-a2e4-58d78efc0b08,Bobbi,Miell,Entry,Team Leader,1,8
943,e3888563-07df-4ff6-accd-1431eec66d5e,Ilka,Scanes,Senior,Team Leader,7,10
944,93a75791-40b8-437d-89e3-8c36ca5a0a5b,Berton,Elintune,Entry,Developer,30,0
945,798e7f88-9143-4919-9f2b-9fdcd5eff6d7,Roman,Vedenyakin,Senior,Developer,8,5
946,66a7205c-0cda-4804-abc5-fcaed36fdb59,Amalea,Swanne,Junior,Analyst,10,1
947,eb32bb70-8565-4515-b300-b4946c7752c2,Faber,Stollery,Entry,Tester,15,4
948,b4cdc0e9-7312-4c51-a016-24ed50a95e51,Oswell,Sisson,Entry,Team Leader,3,8
949,424408c2-d211-4d7d-96d7-fee35bf0aacd,Silvie,Moore,Entry,Manager,2,4
950,1b7ce440-3cb0-4597-816b-185bb38b3dde,Tildy,Lewer,Junior,Tester,20,7
951,53451caf-87cd-49ad-aeab-980d1d873395,Ora,Mulvey,Medium,Developer,10,3
952,2e88361b-7fe7-427e-81b0-f0805adf898a,Skip,Eberdt,Junior,Analyst,11,0
953,dfd46b23-f9b6-4684-846b-04968d4fdcff,Michelle,Sappy,Junior,Developer,16,7
954,7dbb4fa2-f64b-4dd9-ad47-7910a10a72a5,Ethe,Junifer,Medium,Manager,12,1
955,7f5f85cb-e6d0-405a-a760-2fe7a1ca03bf,Theodosia,Gori,Senior,Manager,8,7
956,232395f5-582c-4e3b-8540-130ea4af31cd,Rhona,Zealy,Senior,Tester,9,9
957,007e5869-2087-4ae8-9c01-d756e3af3fdb,Waldemar,Robertis,Junior,Team Leader,12,9
958,b198172c-c170-4d12-87ec-91a6e6eb8ade,Verla,Vinall,Medium,Manager,22,6
959,d074d86d-68cb-4c64-aecf-242ae1d8bdce,Zared,Dehn,Entry,Tester,22,8
960,f1da77b8-b4a0-47cb-b882-3b07077ff085,Reuven,Kemmer,Junior,Team Leader,26,9
961,98b763d4-b502-49d2-bdf2-5eb2fa947f51,Sorcha,Delle,Medium,Manager,9,2
962,deb2346e-0e15-4040-8186-b53b7df2ae97,Stephine,Fawthrop,Entry,Analyst,6,0
963,2322a40c-d28f-4fa1-a840-c05e59168406,Dougy,Marzellano,Junior,Manager,1,8
964,5e3616f4-4bf1-4258-904a-01f1901b05c5,Alvis,Belcham,Entry,Team Leader,28,5
965,dea1ced8-d9f5-48ab-81c7-3d78f0bc7164,Corenda,McCaughan,Senior,Tester,14,9
966,56249641-12e7-4dbf-a63e-7013e9d64b8f,Binky,Cobbled,Entry,Tester,20,2
967,a98879eb-194b-4a44-84f6-f106daabccf0,Humfrid,Spence,Medium,Tester,1,10
968,dd14fbb7-dfc2-448e-8287-e374067446fa,Leonid,Loud,Junior,Manager,26,2
969,cdf11d55-a04f-4bc2-babf-3e726bf78dfd,Mireille,Pedycan,Medium,Manager,26,2
970,846547a3-e800-4275-8456-a1803470de3e,Verile,Cursey,Entry,Analyst,30,4
971,8e8d99a1-a339-43d0-adc5-c7c8ea65e4e0,Jdavie,Handrock,Entry,Analyst,25,4
972,78d8a8b8-f143-4fdb-90d4-8221cebfea85,Benito,Bonnesen,Entry,Tester,15,6
973,20b9d0d8-9d0e-4f2c-a074-3dfc10f021c7,Bogey,Gebhard,Junior,Manager,29,10
974,ac09ecef-08d6-492e-acbc-efe61abf9918,Brandi,Seaborne,Junior,Manager,10,6
975,473775dc-2cda-4080-8ab2-672c482da0a1,Lavinie,Scotland,Senior,Analyst,8,5
976,6c7e9e3b-9719-47ae-a22c-ee9305b1d3b1,Carolina,Parades,Entry,Team Leader,6,6
977,0c83207e-2b24-4107-9f63-22ee3e7bc298,Daile,Guilaem,Medium,Developer,28,10
978,da1c37c7-bd57-438e-befc-e5595f6edaa3,Ted,Collishaw,Senior,Analyst,30,4
979,fdf68e81-ebb4-41ad-999b-d439abb890e5,Gerik,Hazelgreave,Medium,Team Leader,15,7
980,200bac19-43e1-466f-95e4-f8448a6343b5,Ford,Kayser,Entry,Developer,1,1
981,0b24b0df-14e3-445d-999b-da940a3a7cca,Hendrick,Simmell,Medium,Manager,8,10
982,f25c77e5-657a-41ae-aa98-ee33b10449eb,Gretna,Earney,Medium,Analyst,30,3
983,ac2fa877-1678-4a36-b73a-bce7f9927b67,Jerry,Hefford,Entry,Team Leader,20,9
984,20e7085a-2ca0-4926-acc6-1513785998d4,Wilt,Beran,Junior,Analyst,23,0
985,bc7b4ca8-b95f-4d29-a6d1-f5936a305826,Ibby,Hinckes,Junior,Team Leader,5,10
986,ce8b7fe5-e756-4c0a-8457-49c8d89267f9,Enrico,Bedham,Entry,Analyst,1,7
987,239f263e-3861-4af7-be86-6188b92047ef,Gusella,Gallahar,Junior,Team Leader,23,9
988,1b9c6c2b-2f4a-4185-b12c-663c32d90163,Jonah,Schooling,Medium,Developer,2,0
989,12d3739c-2902-406c-a30c-8258e4a543b5,Devland,McJarrow,Entry,Manager,30,10
990,ff1815eb-71be-45d0-bd18-da4a9e725e97,Eb,McIlrath,Entry,Manager,2,3
991,3e4eeec9-e219-43cf-b0f0-93a14d5414c6,Haslett,Tothe,Entry,Tester,7,10
992,61d9b28e-eaeb-495c-ae79-145474eb31a2,Carree,Buard,Entry,Manager,5,8
993,e4b1d439-b05d-4f55-bec0-1230f878691b,Willy,Rounds,Junior,Tester,19,9
994,eb5e26e8-855a-4bea-b15d-9b0cbd8f4b15,Jeremias,Wippermann,Senior,Developer,10,1
995,672a08ab-c142-4f1a-9313-949fd471cb86,Rodrique,Royall,Senior,Analyst,9,1
996,ffb3fb75-a266-4a0f-877f-6002a247a4f8,Giuseppe,Greenhall,Entry,Manager,8,1
997,eacc9de8-76e2-4ac0-bb67-54d3395613fa,Lucien,Cowely,Senior,Manager,3,2
998,e15aa480-1604-45e8-be23-e4e449171fd0,Eric,Power,Entry,Manager,5,2
999,61e085a9-f670-4e8d-a6d5-b3afdd64ad0b,Nadean,Sacase,Medium,Tester,5,9
1000,3720aa97-7b65-45ae-bef3-d05ff15008c8,Filia,Morby,Entry,Developer,11,2
